facet_id,raw_facet,normalized_facet,facet_type,conversation_observable,sensitivity,scoring_definition,scoring_anchors,abstention_reason,quality_flag
FACET_001,Risktaking,Risktaking,conversational_trait,True,low,"Evaluates conversational text for evidence of 'Risktaking' based on language style, tone, expressed sentiment, and interpersonal posture.","{""high"": ""Demonstrates clear, consistent evidence of high Risktaking through explicit statements, tone, or interaction pattern."", ""low"": ""Demonstrates explicit evidence of low Risktaking or opposing behavioral tendencies in dialogue.""}",,valid
FACET_002,Naivety,Naivety,conversational_trait,True,low,"Evaluates conversational text for evidence of 'Naivety' based on language style, tone, expressed sentiment, and interpersonal posture.","{""high"": ""Demonstrates clear, consistent evidence of high Naivety through explicit statements, tone, or interaction pattern."", ""low"": ""Demonstrates explicit evidence of low Naivety or opposing behavioral tendencies in dialogue.""}",,valid
FACET_003,Acidity,Acidity,conversational_trait,True,low,"Evaluates conversational text for evidence of 'Acidity' based on language style, tone, expressed sentiment, and interpersonal posture.","{""high"": ""Demonstrates clear, consistent evidence of high Acidity through explicit statements, tone, or interaction pattern."", ""low"": ""Demonstrates explicit evidence of low Acidity or opposing behavioral tendencies in dialogue.""}",,valid
FACET_004,Democratic Leadership:,Democratic Leadership,header_label,False,low,Category header label: 'Democratic Leadership'. Not an evaluable individual facet.,,"Category header or structural section label, not an individual scoreable trait.",header_row
FACET_005,Common-sense,Common-sense,conversational_trait,True,low,"Evaluates conversational text for evidence of 'Common-sense' based on language style, tone, expressed sentiment, and interpersonal posture.","{""high"": ""Demonstrates clear, consistent evidence of high Common-sense through explicit statements, tone, or interaction pattern."", ""low"": ""Demonstrates explicit evidence of low Common-sense or opposing behavioral tendencies in dialogue.""}",,valid
FACET_006,Hesitation,Hesitation,conversational_trait,True,low,"Evaluates conversational text for evidence of 'Hesitation' based on language style, tone, expressed sentiment, and interpersonal posture.","{""high"": ""Demonstrates clear, consistent evidence of high Hesitation through explicit statements, tone, or interaction pattern."", ""low"": ""Demonstrates explicit evidence of low Hesitation or opposing behavioral tendencies in dialogue.""}",,valid
FACET_007,Discontentment,Discontentment,conversational_trait,True,low,"Evaluates conversational text for evidence of 'Discontentment' based on language style, tone, expressed sentiment, and interpersonal posture.","{""high"": ""Demonstrates clear, consistent evidence of high Discontentment through explicit statements, tone, or interaction pattern."", ""low"": ""Demonstrates explicit evidence of low Discontentment or opposing behavioral tendencies in dialogue.""}",,valid
FACET_008,Overprotectiveness,Overprotectiveness,conversational_trait,True,low,"Evaluates conversational text for evidence of 'Overprotectiveness' based on language style, tone, expressed sentiment, and interpersonal posture.","{""high"": ""Demonstrates clear, consistent evidence of high Overprotectiveness through explicit statements, tone, or interaction pattern."", ""low"": ""Demonstrates explicit evidence of low Overprotectiveness or opposing behavioral tendencies in dialogue.""}",,valid
FACET_009,Merriness,Merriness,conversational_trait,True,low,"Evaluates conversational text for evidence of 'Merriness' based on language style, tone, expressed sentiment, and interpersonal posture.","{""high"": ""Demonstrates clear, consistent evidence of high Merriness through explicit statements, tone, or interaction pattern."", ""low"": ""Demonstrates explicit evidence of low Merriness or opposing behavioral tendencies in dialogue.""}",,valid
FACET_010,Emotionalism,Emotionalism,conversational_trait,True,low,"Evaluates conversational text for evidence of 'Emotionalism' based on language style, tone, expressed sentiment, and interpersonal posture.","{""high"": ""Demonstrates clear, consistent evidence of high Emotionalism through explicit statements, tone, or interaction pattern."", ""low"": ""Demonstrates explicit evidence of low Emotionalism or opposing behavioral tendencies in dialogue.""}",,valid
FACET_011,Self-improvement,Self-improvement,conversational_trait,True,low,"Evaluates conversational text for evidence of 'Self-improvement' based on language style, tone, expressed sentiment, and interpersonal posture.","{""high"": ""Demonstrates clear, consistent evidence of high Self-improvement through explicit statements, tone, or interaction pattern."", ""low"": ""Demonstrates explicit evidence of low Self-improvement or opposing behavioral tendencies in dialogue.""}",,valid
FACET_012,Statistical Reasoning,Statistical Reasoning,conversational_trait,True,low,"Evaluates conversational text for evidence of 'Statistical Reasoning' based on language style, tone, expressed sentiment, and interpersonal posture.","{""high"": ""Demonstrates clear, consistent evidence of high Statistical Reasoning through explicit statements, tone, or interaction pattern."", ""low"": ""Demonstrates explicit evidence of low Statistical Reasoning or opposing behavioral tendencies in dialogue.""}",,valid
FACET_013,Assertiveness and control in relationships,Assertiveness and control in relationships,conversational_trait,True,low,"Evaluates conversational text for evidence of 'Assertiveness and control in relationships' based on language style, tone, expressed sentiment, and interpersonal posture.","{""high"": ""Demonstrates clear, consistent evidence of high Assertiveness and control in relationships through explicit statements, tone, or interaction pattern."", ""low"": ""Demonstrates explicit evidence of low Assertiveness and control in relationships or opposing behavioral tendencies in dialogue.""}",,valid
FACET_014,Cunningness,Cunningness,conversational_trait,True,low,"Evaluates conversational text for evidence of 'Cunningness' based on language style, tone, expressed sentiment, and interpersonal posture.","{""high"": ""Demonstrates clear, consistent evidence of high Cunningness through explicit statements, tone, or interaction pattern."", ""low"": ""Demonstrates explicit evidence of low Cunningness or opposing behavioral tendencies in dialogue.""}",,valid
FACET_015,Adventure-Seeking Behavior,Adventure-Seeking Behavior,conversational_trait,True,low,"Evaluates conversational text for evidence of 'Adventure-Seeking Behavior' based on language style, tone, expressed sentiment, and interpersonal posture.","{""high"": ""Demonstrates clear, consistent evidence of high Adventure-Seeking Behavior through explicit statements, tone, or interaction pattern."", ""low"": ""Demonstrates explicit evidence of low Adventure-Seeking Behavior or opposing behavioral tendencies in dialogue.""}",,valid
FACET_016,Compassion Fatigue,Compassion Fatigue,conversational_trait,True,low,"Evaluates conversational text for evidence of 'Compassion Fatigue' based on language style, tone, expressed sentiment, and interpersonal posture.","{""high"": ""Demonstrates clear, consistent evidence of high Compassion Fatigue through explicit statements, tone, or interaction pattern."", ""low"": ""Demonstrates explicit evidence of low Compassion Fatigue or opposing behavioral tendencies in dialogue.""}",,valid
FACET_017,Moroseness,Moroseness,conversational_trait,True,low,"Evaluates conversational text for evidence of 'Moroseness' based on language style, tone, expressed sentiment, and interpersonal posture.","{""high"": ""Demonstrates clear, consistent evidence of high Moroseness through explicit statements, tone, or interaction pattern."", ""low"": ""Demonstrates explicit evidence of low Moroseness or opposing behavioral tendencies in dialogue.""}",,valid
FACET_018,Specialist,Specialist,conversational_trait,True,low,"Evaluates conversational text for evidence of 'Specialist' based on language style, tone, expressed sentiment, and interpersonal posture.","{""high"": ""Demonstrates clear, consistent evidence of high Specialist through explicit statements, tone, or interaction pattern."", ""low"": ""Demonstrates explicit evidence of low Specialist or opposing behavioral tendencies in dialogue.""}",,valid
FACET_019,Aloofness,Aloofness,conversational_trait,True,low,"Evaluates conversational text for evidence of 'Aloofness' based on language style, tone, expressed sentiment, and interpersonal posture.","{""high"": ""Demonstrates clear, consistent evidence of high Aloofness through explicit statements, tone, or interaction pattern."", ""low"": ""Demonstrates explicit evidence of low Aloofness or opposing behavioral tendencies in dialogue.""}",,valid
FACET_020,Genuine,Genuine,conversational_trait,True,low,"Evaluates conversational text for evidence of 'Genuine' based on language style, tone, expressed sentiment, and interpersonal posture.","{""high"": ""Demonstrates clear, consistent evidence of high Genuine through explicit statements, tone, or interaction pattern."", ""low"": ""Demonstrates explicit evidence of low Genuine or opposing behavioral tendencies in dialogue.""}",,valid
FACET_021,Determinedness,Determinedness,conversational_trait,True,low,"Evaluates conversational text for evidence of 'Determinedness' based on language style, tone, expressed sentiment, and interpersonal posture.","{""high"": ""Demonstrates clear, consistent evidence of high Determinedness through explicit statements, tone, or interaction pattern."", ""low"": ""Demonstrates explicit evidence of low Determinedness or opposing behavioral tendencies in dialogue.""}",,valid
FACET_022,HonestyHumility:,Honesty Humility,header_label,False,low,Category header label: 'Honesty Humility'. Not an evaluable individual facet.,,"Category header or structural section label, not an individual scoreable trait.",header_row
FACET_023,Relationship Building Themes:,Relationship Building Themes,header_label,False,low,Category header label: 'Relationship Building Themes'. Not an evaluable individual facet.,,"Category header or structural section label, not an individual scoreable trait.",header_row
FACET_024,Pure Challenge,Pure Challenge,conversational_trait,True,low,"Evaluates conversational text for evidence of 'Pure Challenge' based on language style, tone, expressed sentiment, and interpersonal posture.","{""high"": ""Demonstrates clear, consistent evidence of high Pure Challenge through explicit statements, tone, or interaction pattern."", ""low"": ""Demonstrates explicit evidence of low Pure Challenge or opposing behavioral tendencies in dialogue.""}",,valid
FACET_025,Numerical Reasoning Subcomponents:,Numerical Reasoning Subcomponents,header_label,False,low,Category header label: 'Numerical Reasoning Subcomponents'. Not an evaluable individual facet.,,"Category header or structural section label, not an individual scoreable trait.",header_row
FACET_026,Openness,Openness,conversational_trait,True,low,"Evaluates conversational text for evidence of 'Openness' based on language style, tone, expressed sentiment, and interpersonal posture.","{""high"": ""Demonstrates clear, consistent evidence of high Openness through explicit statements, tone, or interaction pattern."", ""low"": ""Demonstrates explicit evidence of low Openness or opposing behavioral tendencies in dialogue.""}",,valid
FACET_027,SelfEsteem,Self Esteem,conversational_trait,True,low,"Evaluates conversational text for evidence of 'Self Esteem' based on language style, tone, expressed sentiment, and interpersonal posture.","{""high"": ""Demonstrates clear, consistent evidence of high Self Esteem through explicit statements, tone, or interaction pattern."", ""low"": ""Demonstrates explicit evidence of low Self Esteem or opposing behavioral tendencies in dialogue.""}",,camelcase_reformatted
FACET_028,Comparing alphanumeric data,Comparing alphanumeric data,cognitive_skill_test,False,medium,Standardized cognitive or psychomotor test metric: 'Comparing alphanumeric data'.,,Requires a standardized psychometric testing task or timed cognitive exam.,valid
FACET_029,Big-heartedness,Big-heartedness,conversational_trait,True,low,"Evaluates conversational text for evidence of 'Big-heartedness' based on language style, tone, expressed sentiment, and interpersonal posture.","{""high"": ""Demonstrates clear, consistent evidence of high Big-heartedness through explicit statements, tone, or interaction pattern."", ""low"": ""Demonstrates explicit evidence of low Big-heartedness or opposing behavioral tendencies in dialogue.""}",,valid
FACET_030,Compulsive activities,Compulsive activities,conversational_trait,True,low,"Evaluates conversational text for evidence of 'Compulsive activities' based on language style, tone, expressed sentiment, and interpersonal posture.","{""high"": ""Demonstrates clear, consistent evidence of high Compulsive activities through explicit statements, tone, or interaction pattern."", ""low"": ""Demonstrates explicit evidence of low Compulsive activities or opposing behavioral tendencies in dialogue.""}",,valid
FACET_031,Disrespect,Disrespect,conversational_trait,True,low,"Evaluates conversational text for evidence of 'Disrespect' based on language style, tone, expressed sentiment, and interpersonal posture.","{""high"": ""Demonstrates clear, consistent evidence of high Disrespect through explicit statements, tone, or interaction pattern."", ""low"": ""Demonstrates explicit evidence of low Disrespect or opposing behavioral tendencies in dialogue.""}",,valid
FACET_032,FSH level,FSH level,medical_biomarker,False,clinical_medical,"Medical, biological, or physiological biomarker: 'FSH level'.",,"Requires biological, laboratory, or physiological measurement; unobservable from text.",valid
FACET_033,Self Perspective,Self Perspective,conversational_trait,True,low,"Evaluates conversational text for evidence of 'Self Perspective' based on language style, tone, expressed sentiment, and interpersonal posture.","{""high"": ""Demonstrates clear, consistent evidence of high Self Perspective through explicit statements, tone, or interaction pattern."", ""low"": ""Demonstrates explicit evidence of low Self Perspective or opposing behavioral tendencies in dialogue.""}",,valid
FACET_034,Desperation,Desperation,conversational_trait,True,low,"Evaluates conversational text for evidence of 'Desperation' based on language style, tone, expressed sentiment, and interpersonal posture.","{""high"": ""Demonstrates clear, consistent evidence of high Desperation through explicit statements, tone, or interaction pattern."", ""low"": ""Demonstrates explicit evidence of low Desperation or opposing behavioral tendencies in dialogue.""}",,valid
FACET_035,Affiliation Motivation:,Affiliation Motivation,header_label,False,low,Category header label: 'Affiliation Motivation'. Not an evaluable individual facet.,,"Category header or structural section label, not an individual scoreable trait.",header_row
FACET_036,Anatomy knowledge,Anatomy knowledge,cognitive_skill_test,False,medium,Standardized cognitive or psychomotor test metric: 'Anatomy knowledge'.,,Requires a standardized psychometric testing task or timed cognitive exam.,valid
FACET_037,Passive-Aggressive,Passive-Aggressive,conversational_trait,True,low,"Evaluates conversational text for evidence of 'Passive-Aggressive' based on language style, tone, expressed sentiment, and interpersonal posture.","{""high"": ""Demonstrates clear, consistent evidence of high Passive-Aggressive through explicit statements, tone, or interaction pattern."", ""low"": ""Demonstrates explicit evidence of low Passive-Aggressive or opposing behavioral tendencies in dialogue.""}",,valid
FACET_038,Presence of Spiritual Pain,Presence of Spiritual Pain,esoteric_spiritual,False,sensitive_personal,Esoteric/spiritual practice or belief metric: 'Presence of Spiritual Pain'.,,"Esoteric, ritual, or spiritual metric not objectively evaluable from standard dialogue text.",valid
FACET_039,Role of Spirituality in Community Involvement,Role of Spirituality in Community Involvement,esoteric_spiritual,False,sensitive_personal,Esoteric/spiritual practice or belief metric: 'Role of Spirituality in Community Involvement'.,,"Esoteric, ritual, or spiritual metric not objectively evaluable from standard dialogue text.",valid
FACET_040,Structure,Structure,conversational_trait,True,low,"Evaluates conversational text for evidence of 'Structure' based on language style, tone, expressed sentiment, and interpersonal posture.","{""high"": ""Demonstrates clear, consistent evidence of high Structure through explicit statements, tone, or interaction pattern."", ""low"": ""Demonstrates explicit evidence of low Structure or opposing behavioral tendencies in dialogue.""}",,valid
FACET_041,Eco-tourism trips,Eco-tourism trips,conversational_trait,True,low,"Evaluates conversational text for evidence of 'Eco-tourism trips' based on language style, tone, expressed sentiment, and interpersonal posture.","{""high"": ""Demonstrates clear, consistent evidence of high Eco-tourism trips through explicit statements, tone, or interaction pattern."", ""low"": ""Demonstrates explicit evidence of low Eco-tourism trips or opposing behavioral tendencies in dialogue.""}",,valid
FACET_042,Chivalrousness,Chivalrousness,conversational_trait,True,low,"Evaluates conversational text for evidence of 'Chivalrousness' based on language style, tone, expressed sentiment, and interpersonal posture.","{""high"": ""Demonstrates clear, consistent evidence of high Chivalrousness through explicit statements, tone, or interaction pattern."", ""low"": ""Demonstrates explicit evidence of low Chivalrousness or opposing behavioral tendencies in dialogue.""}",,valid
FACET_043,Pilgrimage participation count,Pilgrimage participation count,esoteric_spiritual,False,sensitive_personal,Esoteric/spiritual practice or belief metric: 'Pilgrimage participation count'.,,"Esoteric, ritual, or spiritual metric not objectively evaluable from standard dialogue text.",valid
FACET_044,Mindfulness facet: Observing,Mindfulness facet: Observing,conversational_trait,True,low,"Evaluates conversational text for evidence of 'Mindfulness facet: Observing' based on language style, tone, expressed sentiment, and interpersonal posture.","{""high"": ""Demonstrates clear, consistent evidence of high Mindfulness facet: Observing through explicit statements, tone, or interaction pattern."", ""low"": ""Demonstrates explicit evidence of low Mindfulness facet: Observing or opposing behavioral tendencies in dialogue.""}",,valid
FACET_045,Submissiveness,Submissiveness,conversational_trait,True,low,"Evaluates conversational text for evidence of 'Submissiveness' based on language style, tone, expressed sentiment, and interpersonal posture.","{""high"": ""Demonstrates clear, consistent evidence of high Submissiveness through explicit statements, tone, or interaction pattern."", ""low"": ""Demonstrates explicit evidence of low Submissiveness or opposing behavioral tendencies in dialogue.""}",,valid
FACET_046,Training-cycle length,Training-cycle length,conversational_trait,True,low,"Evaluates conversational text for evidence of 'Training-cycle length' based on language style, tone, expressed sentiment, and interpersonal posture.","{""high"": ""Demonstrates clear, consistent evidence of high Training-cycle length through explicit statements, tone, or interaction pattern."", ""low"": ""Demonstrates explicit evidence of low Training-cycle length or opposing behavioral tendencies in dialogue.""}",,valid
FACET_047,Sensitiveness,Sensitiveness,conversational_trait,True,low,"Evaluates conversational text for evidence of 'Sensitiveness' based on language style, tone, expressed sentiment, and interpersonal posture.","{""high"": ""Demonstrates clear, consistent evidence of high Sensitiveness through explicit statements, tone, or interaction pattern."", ""low"": ""Demonstrates explicit evidence of low Sensitiveness or opposing behavioral tendencies in dialogue.""}",,valid
FACET_048,Negative Affect Frequency,Negative Affect Frequency,external_biographical,False,sensitive_personal,"Objective historical, lifestyle, or biographical tracking metric: 'Negative Affect Frequency'.",,"Requires objective external tracking, sensor data, or historical log verification.",valid
FACET_049,Innovation and Creativity Components:,Innovation and Creativity Components,header_label,False,low,Category header label: 'Innovation and Creativity Components'. Not an evaluable individual facet.,,"Category header or structural section label, not an individual scoreable trait.",header_row
FACET_050,Achievement Motivation:,Achievement Motivation,header_label,False,low,Category header label: 'Achievement Motivation'. Not an evaluable individual facet.,,"Category header or structural section label, not an individual scoreable trait.",header_row
FACET_051,Feedback-giving frequency,Feedback-giving frequency,external_biographical,False,sensitive_personal,"Objective historical, lifestyle, or biographical tracking metric: 'Feedback-giving frequency'.",,"Requires objective external tracking, sensor data, or historical log verification.",valid
FACET_052,Dance-cardio sessions,Dance-cardio sessions,conversational_trait,True,low,"Evaluates conversational text for evidence of 'Dance-cardio sessions' based on language style, tone, expressed sentiment, and interpersonal posture.","{""high"": ""Demonstrates clear, consistent evidence of high Dance-cardio sessions through explicit statements, tone, or interaction pattern."", ""low"": ""Demonstrates explicit evidence of low Dance-cardio sessions or opposing behavioral tendencies in dialogue.""}",,valid
FACET_053,Enthusiasm,Enthusiasm,conversational_trait,True,low,"Evaluates conversational text for evidence of 'Enthusiasm' based on language style, tone, expressed sentiment, and interpersonal posture.","{""high"": ""Demonstrates clear, consistent evidence of high Enthusiasm through explicit statements, tone, or interaction pattern."", ""low"": ""Demonstrates explicit evidence of low Enthusiasm or opposing behavioral tendencies in dialogue.""}",,valid
FACET_054,Psychological construct: Social Desirability tendency,Psychological construct: Social Desirability tendency,conversational_trait,True,low,"Evaluates conversational text for evidence of 'Psychological construct: Social Desirability tendency' based on language style, tone, expressed sentiment, and interpersonal posture.","{""high"": ""Demonstrates clear, consistent evidence of high Psychological construct: Social Desirability tendency through explicit statements, tone, or interaction pattern."", ""low"": ""Demonstrates explicit evidence of low Psychological construct: Social Desirability tendency or opposing behavioral tendencies in dialogue.""}",,valid
FACET_055,Inattentiveness,Inattentiveness,conversational_trait,True,low,"Evaluates conversational text for evidence of 'Inattentiveness' based on language style, tone, expressed sentiment, and interpersonal posture.","{""high"": ""Demonstrates clear, consistent evidence of high Inattentiveness through explicit statements, tone, or interaction pattern."", ""low"": ""Demonstrates explicit evidence of low Inattentiveness or opposing behavioral tendencies in dialogue.""}",,valid
FACET_056,Unassertiveness,Unassertiveness,conversational_trait,True,low,"Evaluates conversational text for evidence of 'Unassertiveness' based on language style, tone, expressed sentiment, and interpersonal posture.","{""high"": ""Demonstrates clear, consistent evidence of high Unassertiveness through explicit statements, tone, or interaction pattern."", ""low"": ""Demonstrates explicit evidence of low Unassertiveness or opposing behavioral tendencies in dialogue.""}",,valid
FACET_057,Decision-making decisiveness,Decision-making decisiveness,conversational_trait,True,low,"Evaluates conversational text for evidence of 'Decision-making decisiveness' based on language style, tone, expressed sentiment, and interpersonal posture.","{""high"": ""Demonstrates clear, consistent evidence of high Decision-making decisiveness through explicit statements, tone, or interaction pattern."", ""low"": ""Demonstrates explicit evidence of low Decision-making decisiveness or opposing behavioral tendencies in dialogue.""}",,valid
FACET_058,Sense-of-coherence score,Sense-of-coherence score,conversational_trait,True,low,"Evaluates conversational text for evidence of 'Sense-of-coherence score' based on language style, tone, expressed sentiment, and interpersonal posture.","{""high"": ""Demonstrates clear, consistent evidence of high Sense-of-coherence score through explicit statements, tone, or interaction pattern."", ""low"": ""Demonstrates explicit evidence of low Sense-of-coherence score or opposing behavioral tendencies in dialogue.""}",,valid
FACET_059,Justice-mindedness,Justice-mindedness,conversational_trait,True,low,"Evaluates conversational text for evidence of 'Justice-mindedness' based on language style, tone, expressed sentiment, and interpersonal posture.","{""high"": ""Demonstrates clear, consistent evidence of high Justice-mindedness through explicit statements, tone, or interaction pattern."", ""low"": ""Demonstrates explicit evidence of low Justice-mindedness or opposing behavioral tendencies in dialogue.""}",,valid
FACET_060,Subscription count,Subscription count,external_biographical,False,sensitive_personal,"Objective historical, lifestyle, or biographical tracking metric: 'Subscription count'.",,"Requires objective external tracking, sensor data, or historical log verification.",valid
FACET_061,Depression Symptoms,Depression Symptoms,psychological_trait,False,high,Clinical psychometric construct: 'Depression Symptoms'.,,Clinical diagnostic construct requiring accredited psychiatric/psychometric clinical evaluation.,valid
FACET_062,Spatial perception,Spatial perception,cognitive_skill_test,False,medium,Standardized cognitive or psychomotor test metric: 'Spatial perception'.,,Requires a standardized psychometric testing task or timed cognitive exam.,valid
FACET_063,Brevity,Brevity,conversational_trait,True,low,"Evaluates conversational text for evidence of 'Brevity' based on language style, tone, expressed sentiment, and interpersonal posture.","{""high"": ""Demonstrates clear, consistent evidence of high Brevity through explicit statements, tone, or interaction pattern."", ""low"": ""Demonstrates explicit evidence of low Brevity or opposing behavioral tendencies in dialogue.""}",,valid
FACET_064,Orderliness,Orderliness,conversational_trait,True,low,"Evaluates conversational text for evidence of 'Orderliness' based on language style, tone, expressed sentiment, and interpersonal posture.","{""high"": ""Demonstrates clear, consistent evidence of high Orderliness through explicit statements, tone, or interaction pattern."", ""low"": ""Demonstrates explicit evidence of low Orderliness or opposing behavioral tendencies in dialogue.""}",,valid
FACET_065,Multiculturalism,Multiculturalism,conversational_trait,True,low,"Evaluates conversational text for evidence of 'Multiculturalism' based on language style, tone, expressed sentiment, and interpersonal posture.","{""high"": ""Demonstrates clear, consistent evidence of high Multiculturalism through explicit statements, tone, or interaction pattern."", ""low"": ""Demonstrates explicit evidence of low Multiculturalism or opposing behavioral tendencies in dialogue.""}",,valid
FACET_066,Creative risk-taking tendency,Creative risk-taking tendency,conversational_trait,True,low,"Evaluates conversational text for evidence of 'Creative risk-taking tendency' based on language style, tone, expressed sentiment, and interpersonal posture.","{""high"": ""Demonstrates clear, consistent evidence of high Creative risk-taking tendency through explicit statements, tone, or interaction pattern."", ""low"": ""Demonstrates explicit evidence of low Creative risk-taking tendency or opposing behavioral tendencies in dialogue.""}",,valid
FACET_067,Inefficiency,Inefficiency,conversational_trait,True,low,"Evaluates conversational text for evidence of 'Inefficiency' based on language style, tone, expressed sentiment, and interpersonal posture.","{""high"": ""Demonstrates clear, consistent evidence of high Inefficiency through explicit statements, tone, or interaction pattern."", ""low"": ""Demonstrates explicit evidence of low Inefficiency or opposing behavioral tendencies in dialogue.""}",,valid
FACET_068,Network basics,Network basics,conversational_trait,True,low,"Evaluates conversational text for evidence of 'Network basics' based on language style, tone, expressed sentiment, and interpersonal posture.","{""high"": ""Demonstrates clear, consistent evidence of high Network basics through explicit statements, tone, or interaction pattern."", ""low"": ""Demonstrates explicit evidence of low Network basics or opposing behavioral tendencies in dialogue.""}",,valid
FACET_069,Alphabetical filing skills,Alphabetical filing skills,cognitive_skill_test,False,medium,Standardized cognitive or psychomotor test metric: 'Alphabetical filing skills'.,,Requires a standardized psychometric testing task or timed cognitive exam.,valid
FACET_070,Work Styles,Work Styles,conversational_trait,True,low,"Evaluates conversational text for evidence of 'Work Styles' based on language style, tone, expressed sentiment, and interpersonal posture.","{""high"": ""Demonstrates clear, consistent evidence of high Work Styles through explicit statements, tone, or interaction pattern."", ""low"": ""Demonstrates explicit evidence of low Work Styles or opposing behavioral tendencies in dialogue.""}",,valid
FACET_071,Character strength: Perseverance,Character strength: Perseverance,conversational_trait,True,low,"Evaluates conversational text for evidence of 'Character strength: Perseverance' based on language style, tone, expressed sentiment, and interpersonal posture.","{""high"": ""Demonstrates clear, consistent evidence of high Character strength: Perseverance through explicit statements, tone, or interaction pattern."", ""low"": ""Demonstrates explicit evidence of low Character strength: Perseverance or opposing behavioral tendencies in dialogue.""}",,valid
FACET_072,Competition,Competition,conversational_trait,True,low,"Evaluates conversational text for evidence of 'Competition' based on language style, tone, expressed sentiment, and interpersonal posture.","{""high"": ""Demonstrates clear, consistent evidence of high Competition through explicit statements, tone, or interaction pattern."", ""low"": ""Demonstrates explicit evidence of low Competition or opposing behavioral tendencies in dialogue.""}",,valid
FACET_073,Logical Sequence Identification,Logical Sequence Identification,conversational_trait,True,low,"Evaluates conversational text for evidence of 'Logical Sequence Identification' based on language style, tone, expressed sentiment, and interpersonal posture.","{""high"": ""Demonstrates clear, consistent evidence of high Logical Sequence Identification through explicit statements, tone, or interaction pattern."", ""low"": ""Demonstrates explicit evidence of low Logical Sequence Identification or opposing behavioral tendencies in dialogue.""}",,valid
FACET_074,Sustainable-transport usage,Sustainable-transport usage,external_biographical,False,sensitive_personal,"Objective historical, lifestyle, or biographical tracking metric: 'Sustainable-transport usage'.",,"Requires objective external tracking, sensor data, or historical log verification.",valid
FACET_075,Hardworking,Hardworking,conversational_trait,True,low,"Evaluates conversational text for evidence of 'Hardworking' based on language style, tone, expressed sentiment, and interpersonal posture.","{""high"": ""Demonstrates clear, consistent evidence of high Hardworking through explicit statements, tone, or interaction pattern."", ""low"": ""Demonstrates explicit evidence of low Hardworking or opposing behavioral tendencies in dialogue.""}",,valid
FACET_076,Emotional-intelligence measure: Impulsiveness,Emotional-intelligence measure: Impulsiveness,conversational_trait,True,low,"Evaluates conversational text for evidence of 'Emotional-intelligence measure: Impulsiveness' based on language style, tone, expressed sentiment, and interpersonal posture.","{""high"": ""Demonstrates clear, consistent evidence of high Emotional-intelligence measure: Impulsiveness through explicit statements, tone, or interaction pattern."", ""low"": ""Demonstrates explicit evidence of low Emotional-intelligence measure: Impulsiveness or opposing behavioral tendencies in dialogue.""}",,valid
FACET_077,Dishonesty,Dishonesty,conversational_trait,True,medium,"Evaluates conversational text for evidence of 'Dishonesty' based on language style, tone, expressed sentiment, and interpersonal posture.","{""high"": ""Demonstrates clear, consistent evidence of high Dishonesty through explicit statements, tone, or interaction pattern."", ""low"": ""Demonstrates explicit evidence of low Dishonesty or opposing behavioral tendencies in dialogue.""}",,valid
FACET_078,Preferred epistemology,Preferred epistemology,conversational_trait,True,low,"Evaluates conversational text for evidence of 'Preferred epistemology' based on language style, tone, expressed sentiment, and interpersonal posture.","{""high"": ""Demonstrates clear, consistent evidence of high Preferred epistemology through explicit statements, tone, or interaction pattern."", ""low"": ""Demonstrates explicit evidence of low Preferred epistemology or opposing behavioral tendencies in dialogue.""}",,valid
FACET_079,Memory for Sounds,Memory for Sounds,conversational_trait,True,low,"Evaluates conversational text for evidence of 'Memory for Sounds' based on language style, tone, expressed sentiment, and interpersonal posture.","{""high"": ""Demonstrates clear, consistent evidence of high Memory for Sounds through explicit statements, tone, or interaction pattern."", ""low"": ""Demonstrates explicit evidence of low Memory for Sounds or opposing behavioral tendencies in dialogue.""}",,valid
FACET_080,Sportsmanship rating,Sportsmanship rating,conversational_trait,True,low,"Evaluates conversational text for evidence of 'Sportsmanship rating' based on language style, tone, expressed sentiment, and interpersonal posture.","{""high"": ""Demonstrates clear, consistent evidence of high Sportsmanship rating through explicit statements, tone, or interaction pattern."", ""low"": ""Demonstrates explicit evidence of low Sportsmanship rating or opposing behavioral tendencies in dialogue.""}",,valid
FACET_081,Immaturity,Immaturity,conversational_trait,True,low,"Evaluates conversational text for evidence of 'Immaturity' based on language style, tone, expressed sentiment, and interpersonal posture.","{""high"": ""Demonstrates clear, consistent evidence of high Immaturity through explicit statements, tone, or interaction pattern."", ""low"": ""Demonstrates explicit evidence of low Immaturity or opposing behavioral tendencies in dialogue.""}",,valid
FACET_082,Health-literacy level,Health-literacy level,medical_biomarker,False,clinical_medical,"Medical, biological, or physiological biomarker: 'Health-literacy level'.",,"Requires biological, laboratory, or physiological measurement; unobservable from text.",valid
FACET_083,Estimating Calculations,Estimating Calculations,conversational_trait,True,low,"Evaluates conversational text for evidence of 'Estimating Calculations' based on language style, tone, expressed sentiment, and interpersonal posture.","{""high"": ""Demonstrates clear, consistent evidence of high Estimating Calculations through explicit statements, tone, or interaction pattern."", ""low"": ""Demonstrates explicit evidence of low Estimating Calculations or opposing behavioral tendencies in dialogue.""}",,valid
FACET_084,Depression: Feelings of sadness and hopelessness,Depression: Feelings of sadness and hopelessness,psychological_trait,False,high,Clinical psychometric construct: 'Depression: Feelings of sadness and hopelessness'.,,Clinical diagnostic construct requiring accredited psychiatric/psychometric clinical evaluation.,valid
FACET_085,Synthesis of information,Synthesis of information,conversational_trait,True,low,"Evaluates conversational text for evidence of 'Synthesis of information' based on language style, tone, expressed sentiment, and interpersonal posture.","{""high"": ""Demonstrates clear, consistent evidence of high Synthesis of information through explicit statements, tone, or interaction pattern."", ""low"": ""Demonstrates explicit evidence of low Synthesis of information or opposing behavioral tendencies in dialogue.""}",,valid
FACET_086,Leadership Potential:,Leadership Potential,header_label,False,low,Category header label: 'Leadership Potential'. Not an evaluable individual facet.,,"Category header or structural section label, not an individual scoreable trait.",header_row
FACET_087,Ethical standards,Ethical standards,conversational_trait,True,low,"Evaluates conversational text for evidence of 'Ethical standards' based on language style, tone, expressed sentiment, and interpersonal posture.","{""high"": ""Demonstrates clear, consistent evidence of high Ethical standards through explicit statements, tone, or interaction pattern."", ""low"": ""Demonstrates explicit evidence of low Ethical standards or opposing behavioral tendencies in dialogue.""}",,valid
FACET_088,High-spiritedness,High-spiritedness,conversational_trait,True,low,"Evaluates conversational text for evidence of 'High-spiritedness' based on language style, tone, expressed sentiment, and interpersonal posture.","{""high"": ""Demonstrates clear, consistent evidence of high High-spiritedness through explicit statements, tone, or interaction pattern."", ""low"": ""Demonstrates explicit evidence of low High-spiritedness or opposing behavioral tendencies in dialogue.""}",,valid
FACET_089,Critical reasoning,Critical reasoning,conversational_trait,True,low,"Evaluates conversational text for evidence of 'Critical reasoning' based on language style, tone, expressed sentiment, and interpersonal posture.","{""high"": ""Demonstrates clear, consistent evidence of high Critical reasoning through explicit statements, tone, or interaction pattern."", ""low"": ""Demonstrates explicit evidence of low Critical reasoning or opposing behavioral tendencies in dialogue.""}",,valid
FACET_090,Sleep-disorder diagnosis,Sleep-disorder diagnosis,medical_biomarker,False,clinical_medical,"Medical, biological, or physiological biomarker: 'Sleep-disorder diagnosis'.",,"Requires biological, laboratory, or physiological measurement; unobservable from text.",valid
FACET_091,Listening Skills Subcomponents:,Listening Skills Subcomponents,header_label,False,low,Category header label: 'Listening Skills Subcomponents'. Not an evaluable individual facet.,,"Category header or structural section label, not an individual scoreable trait.",header_row
FACET_092,Collaboration,Collaboration,conversational_trait,True,low,"Evaluates conversational text for evidence of 'Collaboration' based on language style, tone, expressed sentiment, and interpersonal posture.","{""high"": ""Demonstrates clear, consistent evidence of high Collaboration through explicit statements, tone, or interaction pattern."", ""low"": ""Demonstrates explicit evidence of low Collaboration or opposing behavioral tendencies in dialogue.""}",,valid
FACET_093,Precision of Movements,Precision of Movements,conversational_trait,True,low,"Evaluates conversational text for evidence of 'Precision of Movements' based on language style, tone, expressed sentiment, and interpersonal posture.","{""high"": ""Demonstrates clear, consistent evidence of high Precision of Movements through explicit statements, tone, or interaction pattern."", ""low"": ""Demonstrates explicit evidence of low Precision of Movements or opposing behavioral tendencies in dialogue.""}",,valid
FACET_094,Social Boldness,Social Boldness,conversational_trait,True,low,"Evaluates conversational text for evidence of 'Social Boldness' based on language style, tone, expressed sentiment, and interpersonal posture.","{""high"": ""Demonstrates clear, consistent evidence of high Social Boldness through explicit statements, tone, or interaction pattern."", ""low"": ""Demonstrates explicit evidence of low Social Boldness or opposing behavioral tendencies in dialogue.""}",,valid
FACET_095,Auditory memory,Auditory memory,cognitive_skill_test,False,medium,Standardized cognitive or psychomotor test metric: 'Auditory memory'.,,Requires a standardized psychometric testing task or timed cognitive exam.,valid
FACET_096,Psychomotor Ability Subcomponents:,Psychomotor Ability Subcomponents,header_label,False,low,Category header label: 'Psychomotor Ability Subcomponents'. Not an evaluable individual facet.,,"Category header or structural section label, not an individual scoreable trait.",header_row
FACET_097,Organized lifestyle,Organized lifestyle,conversational_trait,True,low,"Evaluates conversational text for evidence of 'Organized lifestyle' based on language style, tone, expressed sentiment, and interpersonal posture.","{""high"": ""Demonstrates clear, consistent evidence of high Organized lifestyle through explicit statements, tone, or interaction pattern."", ""low"": ""Demonstrates explicit evidence of low Organized lifestyle or opposing behavioral tendencies in dialogue.""}",,valid
FACET_098,Skill-endorsements count,Skill-endorsements count,external_biographical,False,sensitive_personal,"Objective historical, lifestyle, or biographical tracking metric: 'Skill-endorsements count'.",,"Requires objective external tracking, sensor data, or historical log verification.",valid
FACET_099,Mysteriousness,Mysteriousness,conversational_trait,True,low,"Evaluates conversational text for evidence of 'Mysteriousness' based on language style, tone, expressed sentiment, and interpersonal posture.","{""high"": ""Demonstrates clear, consistent evidence of high Mysteriousness through explicit statements, tone, or interaction pattern."", ""low"": ""Demonstrates explicit evidence of low Mysteriousness or opposing behavioral tendencies in dialogue.""}",,valid
FACET_100,Cultural Identity,Cultural Identity,conversational_trait,True,low,"Evaluates conversational text for evidence of 'Cultural Identity' based on language style, tone, expressed sentiment, and interpersonal posture.","{""high"": ""Demonstrates clear, consistent evidence of high Cultural Identity through explicit statements, tone, or interaction pattern."", ""low"": ""Demonstrates explicit evidence of low Cultural Identity or opposing behavioral tendencies in dialogue.""}",,valid
FACET_101,Intrinsic Motivation,Intrinsic Motivation,conversational_trait,True,low,"Evaluates conversational text for evidence of 'Intrinsic Motivation' based on language style, tone, expressed sentiment, and interpersonal posture.","{""high"": ""Demonstrates clear, consistent evidence of high Intrinsic Motivation through explicit statements, tone, or interaction pattern."", ""low"": ""Demonstrates explicit evidence of low Intrinsic Motivation or opposing behavioral tendencies in dialogue.""}",,valid
FACET_102,Impartial-mindedness,Impartial-mindedness,conversational_trait,True,low,"Evaluates conversational text for evidence of 'Impartial-mindedness' based on language style, tone, expressed sentiment, and interpersonal posture.","{""high"": ""Demonstrates clear, consistent evidence of high Impartial-mindedness through explicit statements, tone, or interaction pattern."", ""low"": ""Demonstrates explicit evidence of low Impartial-mindedness or opposing behavioral tendencies in dialogue.""}",,valid
FACET_103,Burnout Symptoms,Burnout Symptoms,psychological_trait,False,high,Clinical psychometric construct: 'Burnout Symptoms'.,,Clinical diagnostic construct requiring accredited psychiatric/psychometric clinical evaluation.,valid
FACET_104,Holiness,Holiness,esoteric_spiritual,False,sensitive_personal,Esoteric/spiritual practice or belief metric: 'Holiness'.,,"Esoteric, ritual, or spiritual metric not objectively evaluable from standard dialogue text.",valid
FACET_105,Selfcontrol,Self Control,conversational_trait,True,low,"Evaluates conversational text for evidence of 'Self Control' based on language style, tone, expressed sentiment, and interpersonal posture.","{""high"": ""Demonstrates clear, consistent evidence of high Self Control through explicit statements, tone, or interaction pattern."", ""low"": ""Demonstrates explicit evidence of low Self Control or opposing behavioral tendencies in dialogue.""}",,camelcase_reformatted
FACET_106,SelfDirectedness,Self Directedness,conversational_trait,True,low,"Evaluates conversational text for evidence of 'Self Directedness' based on language style, tone, expressed sentiment, and interpersonal posture.","{""high"": ""Demonstrates clear, consistent evidence of high Self Directedness through explicit statements, tone, or interaction pattern."", ""low"": ""Demonstrates explicit evidence of low Self Directedness or opposing behavioral tendencies in dialogue.""}",,camelcase_reformatted
FACET_107,Encouraging participation,Encouraging participation,conversational_trait,True,low,"Evaluates conversational text for evidence of 'Encouraging participation' based on language style, tone, expressed sentiment, and interpersonal posture.","{""high"": ""Demonstrates clear, consistent evidence of high Encouraging participation through explicit statements, tone, or interaction pattern."", ""low"": ""Demonstrates explicit evidence of low Encouraging participation or opposing behavioral tendencies in dialogue.""}",,valid
FACET_108,Impracticalness,Impracticalness,conversational_trait,True,low,"Evaluates conversational text for evidence of 'Impracticalness' based on language style, tone, expressed sentiment, and interpersonal posture.","{""high"": ""Demonstrates clear, consistent evidence of high Impracticalness through explicit statements, tone, or interaction pattern."", ""low"": ""Demonstrates explicit evidence of low Impracticalness or opposing behavioral tendencies in dialogue.""}",,valid
FACET_109,Meeting Deadlines,Meeting Deadlines,conversational_trait,True,low,"Evaluates conversational text for evidence of 'Meeting Deadlines' based on language style, tone, expressed sentiment, and interpersonal posture.","{""high"": ""Demonstrates clear, consistent evidence of high Meeting Deadlines through explicit statements, tone, or interaction pattern."", ""low"": ""Demonstrates explicit evidence of low Meeting Deadlines or opposing behavioral tendencies in dialogue.""}",,valid
FACET_110,Data Analysis,Data Analysis,conversational_trait,True,low,"Evaluates conversational text for evidence of 'Data Analysis' based on language style, tone, expressed sentiment, and interpersonal posture.","{""high"": ""Demonstrates clear, consistent evidence of high Data Analysis through explicit statements, tone, or interaction pattern."", ""low"": ""Demonstrates explicit evidence of low Data Analysis or opposing behavioral tendencies in dialogue.""}",,valid
FACET_111,Social Interaction Skills,Social Interaction Skills,conversational_trait,True,low,"Evaluates conversational text for evidence of 'Social Interaction Skills' based on language style, tone, expressed sentiment, and interpersonal posture.","{""high"": ""Demonstrates clear, consistent evidence of high Social Interaction Skills through explicit statements, tone, or interaction pattern."", ""low"": ""Demonstrates explicit evidence of low Social Interaction Skills or opposing behavioral tendencies in dialogue.""}",,valid
FACET_112,Psychoticism,Psychoticism,psychological_trait,False,high,Clinical psychometric construct: 'Psychoticism'.,,Clinical diagnostic construct requiring accredited psychiatric/psychometric clinical evaluation.,valid
FACET_113,Ethical leadership rating,Ethical leadership rating,conversational_trait,True,low,"Evaluates conversational text for evidence of 'Ethical leadership rating' based on language style, tone, expressed sentiment, and interpersonal posture.","{""high"": ""Demonstrates clear, consistent evidence of high Ethical leadership rating through explicit statements, tone, or interaction pattern."", ""low"": ""Demonstrates explicit evidence of low Ethical leadership rating or opposing behavioral tendencies in dialogue.""}",,valid
FACET_114,Slothfulness,Slothfulness,conversational_trait,True,low,"Evaluates conversational text for evidence of 'Slothfulness' based on language style, tone, expressed sentiment, and interpersonal posture.","{""high"": ""Demonstrates clear, consistent evidence of high Slothfulness through explicit statements, tone, or interaction pattern."", ""low"": ""Demonstrates explicit evidence of low Slothfulness or opposing behavioral tendencies in dialogue.""}",,valid
FACET_115,Happiness,Happiness,conversational_trait,True,low,"Evaluates conversational text for evidence of 'Happiness' based on language style, tone, expressed sentiment, and interpersonal posture.","{""high"": ""Demonstrates clear, consistent evidence of high Happiness through explicit statements, tone, or interaction pattern."", ""low"": ""Demonstrates explicit evidence of low Happiness or opposing behavioral tendencies in dialogue.""}",,valid
FACET_116,Contentment Levels,Contentment Levels,conversational_trait,True,low,"Evaluates conversational text for evidence of 'Contentment Levels' based on language style, tone, expressed sentiment, and interpersonal posture.","{""high"": ""Demonstrates clear, consistent evidence of high Contentment Levels through explicit statements, tone, or interaction pattern."", ""low"": ""Demonstrates explicit evidence of low Contentment Levels or opposing behavioral tendencies in dialogue.""}",,valid
FACET_117,Neuroticism,Neuroticism,psychological_trait,False,high,Clinical psychometric construct: 'Neuroticism'.,,Clinical diagnostic construct requiring accredited psychiatric/psychometric clinical evaluation.,valid
FACET_118,Desire for excellence,Desire for excellence,conversational_trait,True,low,"Evaluates conversational text for evidence of 'Desire for excellence' based on language style, tone, expressed sentiment, and interpersonal posture.","{""high"": ""Demonstrates clear, consistent evidence of high Desire for excellence through explicit statements, tone, or interaction pattern."", ""low"": ""Demonstrates explicit evidence of low Desire for excellence or opposing behavioral tendencies in dialogue.""}",,valid
FACET_119,Perceiving,Perceiving,conversational_trait,True,low,"Evaluates conversational text for evidence of 'Perceiving' based on language style, tone, expressed sentiment, and interpersonal posture.","{""high"": ""Demonstrates clear, consistent evidence of high Perceiving through explicit statements, tone, or interaction pattern."", ""low"": ""Demonstrates explicit evidence of low Perceiving or opposing behavioral tendencies in dialogue.""}",,valid
FACET_120,Liberalism,Liberalism,conversational_trait,True,low,"Evaluates conversational text for evidence of 'Liberalism' based on language style, tone, expressed sentiment, and interpersonal posture.","{""high"": ""Demonstrates clear, consistent evidence of high Liberalism through explicit statements, tone, or interaction pattern."", ""low"": ""Demonstrates explicit evidence of low Liberalism or opposing behavioral tendencies in dialogue.""}",,valid
FACET_121,Inversion comfort level,Inversion comfort level,medical_biomarker,False,clinical_medical,"Medical, biological, or physiological biomarker: 'Inversion comfort level'.",,"Requires biological, laboratory, or physiological measurement; unobservable from text.",valid
FACET_122,Affection,Affection,conversational_trait,True,low,"Evaluates conversational text for evidence of 'Affection' based on language style, tone, expressed sentiment, and interpersonal posture.","{""high"": ""Demonstrates clear, consistent evidence of high Affection through explicit statements, tone, or interaction pattern."", ""low"": ""Demonstrates explicit evidence of low Affection or opposing behavioral tendencies in dialogue.""}",,valid
FACET_123,Numeric Filing Skills,Numeric Filing Skills,cognitive_skill_test,False,medium,Standardized cognitive or psychomotor test metric: 'Numeric Filing Skills'.,,Requires a standardized psychometric testing task or timed cognitive exam.,valid
FACET_124,Martyrdom,Martyrdom,conversational_trait,True,low,"Evaluates conversational text for evidence of 'Martyrdom' based on language style, tone, expressed sentiment, and interpersonal posture.","{""high"": ""Demonstrates clear, consistent evidence of high Martyrdom through explicit statements, tone, or interaction pattern."", ""low"": ""Demonstrates explicit evidence of low Martyrdom or opposing behavioral tendencies in dialogue.""}",,valid
FACET_125,Parathyroid-hormone level,Parathyroid-hormone level,medical_biomarker,False,clinical_medical,"Medical, biological, or physiological biomarker: 'Parathyroid-hormone level'.",,"Requires biological, laboratory, or physiological measurement; unobservable from text.",valid
FACET_126,Seeking approval,Seeking approval,conversational_trait,True,low,"Evaluates conversational text for evidence of 'Seeking approval' based on language style, tone, expressed sentiment, and interpersonal posture.","{""high"": ""Demonstrates clear, consistent evidence of high Seeking approval through explicit statements, tone, or interaction pattern."", ""low"": ""Demonstrates explicit evidence of low Seeking approval or opposing behavioral tendencies in dialogue.""}",,valid
FACET_127,Judging (J):,Judging (J),header_label,False,low,Category header label: 'Judging (J)'. Not an evaluable individual facet.,,"Category header or structural section label, not an individual scoreable trait.",header_row
FACET_128,Big Five facet Openness – Artistic Interests,Big Five facet Openness – Artistic Interests,conversational_trait,True,low,"Evaluates conversational text for evidence of 'Big Five facet Openness – Artistic Interests' based on language style, tone, expressed sentiment, and interpersonal posture.","{""high"": ""Demonstrates clear, consistent evidence of high Big Five facet Openness \u2013 Artistic Interests through explicit statements, tone, or interaction pattern."", ""low"": ""Demonstrates explicit evidence of low Big Five facet Openness \u2013 Artistic Interests or opposing behavioral tendencies in dialogue.""}",,encoding_repaired
FACET_129,Psychological construct: Operant-Learning rate,Psychological construct: Operant-Learning rate,psychological_trait,False,high,Clinical psychometric construct: 'Psychological construct: Operant-Learning rate'.,,Clinical diagnostic construct requiring accredited psychiatric/psychometric clinical evaluation.,valid
FACET_130,Psychological construct: Need for Achievement level,Psychological construct: Need for Achievement level,medical_biomarker,False,clinical_medical,"Medical, biological, or physiological biomarker: 'Psychological construct: Need for Achievement level'.",,"Requires biological, laboratory, or physiological measurement; unobservable from text.",valid
FACET_131,Cantankerousness,Cantankerousness,conversational_trait,True,low,"Evaluates conversational text for evidence of 'Cantankerousness' based on language style, tone, expressed sentiment, and interpersonal posture.","{""high"": ""Demonstrates clear, consistent evidence of high Cantankerousness through explicit statements, tone, or interaction pattern."", ""low"": ""Demonstrates explicit evidence of low Cantankerousness or opposing behavioral tendencies in dialogue.""}",,valid
FACET_132,Material properties knowledge,Material properties knowledge,cognitive_skill_test,False,medium,Standardized cognitive or psychomotor test metric: 'Material properties knowledge'.,,Requires a standardized psychometric testing task or timed cognitive exam.,valid
FACET_133,Hostility,Hostility,conversational_trait,True,medium,"Evaluates conversational text for evidence of 'Hostility' based on language style, tone, expressed sentiment, and interpersonal posture.","{""high"": ""Demonstrates clear, consistent evidence of high Hostility through explicit statements, tone, or interaction pattern."", ""low"": ""Demonstrates explicit evidence of low Hostility or opposing behavioral tendencies in dialogue.""}",,valid
FACET_134,Independence,Independence,conversational_trait,True,low,"Evaluates conversational text for evidence of 'Independence' based on language style, tone, expressed sentiment, and interpersonal posture.","{""high"": ""Demonstrates clear, consistent evidence of high Independence through explicit statements, tone, or interaction pattern."", ""low"": ""Demonstrates explicit evidence of low Independence or opposing behavioral tendencies in dialogue.""}",,valid
FACET_135,800. Sufi practice: Sufi retreat attendance count,Sufi practice: Sufi retreat attendance count,esoteric_spiritual,False,sensitive_personal,Esoteric/spiritual practice or belief metric: 'Sufi practice: Sufi retreat attendance count'.,,"Esoteric, ritual, or spiritual metric not objectively evaluable from standard dialogue text.",number_prefix_stripped
FACET_136,Chromatin-accessibility score,Chromatin-accessibility score,medical_biomarker,False,clinical_medical,"Medical, biological, or physiological biomarker: 'Chromatin-accessibility score'.",,"Requires biological, laboratory, or physiological measurement; unobservable from text.",valid
FACET_137,644. Spiritual virtue: Humility practice index,Spiritual virtue: Humility practice index,esoteric_spiritual,False,sensitive_personal,Esoteric/spiritual practice or belief metric: 'Spiritual virtue: Humility practice index'.,,"Esoteric, ritual, or spiritual metric not objectively evaluable from standard dialogue text.",number_prefix_stripped
FACET_138,754. I Ching hexagram 36 resonance level,I Ching hexagram 36 resonance level,esoteric_spiritual,False,sensitive_personal,Esoteric/spiritual practice or belief metric: 'I Ching hexagram 36 resonance level'.,,"Esoteric, ritual, or spiritual metric not objectively evaluable from standard dialogue text.",number_prefix_stripped
FACET_139,Well-being component: Engagement,Well-being component: Engagement,conversational_trait,True,low,"Evaluates conversational text for evidence of 'Well-being component: Engagement' based on language style, tone, expressed sentiment, and interpersonal posture.","{""high"": ""Demonstrates clear, consistent evidence of high Well-being component: Engagement through explicit statements, tone, or interaction pattern."", ""low"": ""Demonstrates explicit evidence of low Well-being component: Engagement or opposing behavioral tendencies in dialogue.""}",,valid
FACET_140,Need for social interaction,Need for social interaction,conversational_trait,True,low,"Evaluates conversational text for evidence of 'Need for social interaction' based on language style, tone, expressed sentiment, and interpersonal posture.","{""high"": ""Demonstrates clear, consistent evidence of high Need for social interaction through explicit statements, tone, or interaction pattern."", ""low"": ""Demonstrates explicit evidence of low Need for social interaction or opposing behavioral tendencies in dialogue.""}",,valid
FACET_141,Peer-collaboration hours,Peer-collaboration hours,external_biographical,False,sensitive_personal,"Objective historical, lifestyle, or biographical tracking metric: 'Peer-collaboration hours'.",,"Requires objective external tracking, sensor data, or historical log verification.",valid
FACET_142,Arts and Humanities,Arts and Humanities,conversational_trait,True,low,"Evaluates conversational text for evidence of 'Arts and Humanities' based on language style, tone, expressed sentiment, and interpersonal posture.","{""high"": ""Demonstrates clear, consistent evidence of high Arts and Humanities through explicit statements, tone, or interaction pattern."", ""low"": ""Demonstrates explicit evidence of low Arts and Humanities or opposing behavioral tendencies in dialogue.""}",,valid
FACET_143,596. Religious practice: Quran khatam cycles per year,Religious practice: Quran khatam cycles per year,esoteric_spiritual,False,sensitive_personal,Esoteric/spiritual practice or belief metric: 'Religious practice: Quran khatam cycles per year'.,,"Esoteric, ritual, or spiritual metric not objectively evaluable from standard dialogue text.",number_prefix_stripped
FACET_144,926. Bahá’í spiritual metric: Ridván festival participation,Bahá’í spiritual metric: Ridván festival participation,esoteric_spiritual,False,sensitive_personal,Esoteric/spiritual practice or belief metric: 'Bahá’í spiritual metric: Ridván festival participation'.,,"Esoteric, ritual, or spiritual metric not objectively evaluable from standard dialogue text.",number_prefix_stripped
FACET_145,Compassion,Compassion,conversational_trait,True,low,"Evaluates conversational text for evidence of 'Compassion' based on language style, tone, expressed sentiment, and interpersonal posture.","{""high"": ""Demonstrates clear, consistent evidence of high Compassion through explicit statements, tone, or interaction pattern."", ""low"": ""Demonstrates explicit evidence of low Compassion or opposing behavioral tendencies in dialogue.""}",,valid
FACET_146,Information Retention,Information Retention,conversational_trait,True,low,"Evaluates conversational text for evidence of 'Information Retention' based on language style, tone, expressed sentiment, and interpersonal posture.","{""high"": ""Demonstrates clear, consistent evidence of high Information Retention through explicit statements, tone, or interaction pattern."", ""low"": ""Demonstrates explicit evidence of low Information Retention or opposing behavioral tendencies in dialogue.""}",,valid
FACET_147,Eye-contact duration,Eye-contact duration,conversational_trait,True,low,"Evaluates conversational text for evidence of 'Eye-contact duration' based on language style, tone, expressed sentiment, and interpersonal posture.","{""high"": ""Demonstrates clear, consistent evidence of high Eye-contact duration through explicit statements, tone, or interaction pattern."", ""low"": ""Demonstrates explicit evidence of low Eye-contact duration or opposing behavioral tendencies in dialogue.""}",,valid
FACET_148,Self-righteousness,Self-righteousness,conversational_trait,True,low,"Evaluates conversational text for evidence of 'Self-righteousness' based on language style, tone, expressed sentiment, and interpersonal posture.","{""high"": ""Demonstrates clear, consistent evidence of high Self-righteousness through explicit statements, tone, or interaction pattern."", ""low"": ""Demonstrates explicit evidence of low Self-righteousness or opposing behavioral tendencies in dialogue.""}",,valid
FACET_149,General Mood and Attitude,General Mood and Attitude,conversational_trait,True,low,"Evaluates conversational text for evidence of 'General Mood and Attitude' based on language style, tone, expressed sentiment, and interpersonal posture.","{""high"": ""Demonstrates clear, consistent evidence of high General Mood and Attitude through explicit statements, tone, or interaction pattern."", ""low"": ""Demonstrates explicit evidence of low General Mood and Attitude or opposing behavioral tendencies in dialogue.""}",,valid
FACET_150,Serotonin transporter availability,Serotonin transporter availability,medical_biomarker,False,clinical_medical,"Medical, biological, or physiological biomarker: 'Serotonin transporter availability'.",,"Requires biological, laboratory, or physiological measurement; unobservable from text.",valid
FACET_151,Contribution to Group Goals,Contribution to Group Goals,conversational_trait,True,low,"Evaluates conversational text for evidence of 'Contribution to Group Goals' based on language style, tone, expressed sentiment, and interpersonal posture.","{""high"": ""Demonstrates clear, consistent evidence of high Contribution to Group Goals through explicit statements, tone, or interaction pattern."", ""low"": ""Demonstrates explicit evidence of low Contribution to Group Goals or opposing behavioral tendencies in dialogue.""}",,valid
FACET_152,Dignity,Dignity,conversational_trait,True,low,"Evaluates conversational text for evidence of 'Dignity' based on language style, tone, expressed sentiment, and interpersonal posture.","{""high"": ""Demonstrates clear, consistent evidence of high Dignity through explicit statements, tone, or interaction pattern."", ""low"": ""Demonstrates explicit evidence of low Dignity or opposing behavioral tendencies in dialogue.""}",,valid
FACET_153,HEXACO Personality Inventory Facets:,HEXACO Personality Inventory Facets,header_label,False,low,Category header label: 'HEXACO Personality Inventory Facets'. Not an evaluable individual facet.,,"Category header or structural section label, not an individual scoreable trait.",header_row
FACET_154,Evaluating Solutions,Evaluating Solutions,conversational_trait,True,low,"Evaluates conversational text for evidence of 'Evaluating Solutions' based on language style, tone, expressed sentiment, and interpersonal posture.","{""high"": ""Demonstrates clear, consistent evidence of high Evaluating Solutions through explicit statements, tone, or interaction pattern."", ""low"": ""Demonstrates explicit evidence of low Evaluating Solutions or opposing behavioral tendencies in dialogue.""}",,valid
FACET_155,Input,Input,conversational_trait,True,low,"Evaluates conversational text for evidence of 'Input' based on language style, tone, expressed sentiment, and interpersonal posture.","{""high"": ""Demonstrates clear, consistent evidence of high Input through explicit statements, tone, or interaction pattern."", ""low"": ""Demonstrates explicit evidence of low Input or opposing behavioral tendencies in dialogue.""}",,valid
FACET_156,Discreteness,Discreteness,conversational_trait,True,low,"Evaluates conversational text for evidence of 'Discreteness' based on language style, tone, expressed sentiment, and interpersonal posture.","{""high"": ""Demonstrates clear, consistent evidence of high Discreteness through explicit statements, tone, or interaction pattern."", ""low"": ""Demonstrates explicit evidence of low Discreteness or opposing behavioral tendencies in dialogue.""}",,valid
FACET_157,607. Energy-healing practice: Reiki sessions / year,Energy-healing practice: Reiki sessions / year,esoteric_spiritual,False,sensitive_personal,Esoteric/spiritual practice or belief metric: 'Energy-healing practice: Reiki sessions / year'.,,"Esoteric, ritual, or spiritual metric not objectively evaluable from standard dialogue text.",number_prefix_stripped
FACET_158,692. Astrology: Rising sign is Scorpio,Astrology: Rising sign is Scorpio,esoteric_spiritual,False,sensitive_personal,Esoteric/spiritual practice or belief metric: 'Astrology: Rising sign is Scorpio'.,,"Esoteric, ritual, or spiritual metric not objectively evaluable from standard dialogue text.",number_prefix_stripped
FACET_159,Character strength: Social Intelligence,Character strength: Social Intelligence,conversational_trait,True,low,"Evaluates conversational text for evidence of 'Character strength: Social Intelligence' based on language style, tone, expressed sentiment, and interpersonal posture.","{""high"": ""Demonstrates clear, consistent evidence of high Character strength: Social Intelligence through explicit statements, tone, or interaction pattern."", ""low"": ""Demonstrates explicit evidence of low Character strength: Social Intelligence or opposing behavioral tendencies in dialogue.""}",,valid
FACET_160,Bravery,Bravery,conversational_trait,True,low,"Evaluates conversational text for evidence of 'Bravery' based on language style, tone, expressed sentiment, and interpersonal posture.","{""high"": ""Demonstrates clear, consistent evidence of high Bravery through explicit statements, tone, or interaction pattern."", ""low"": ""Demonstrates explicit evidence of low Bravery or opposing behavioral tendencies in dialogue.""}",,valid
FACET_161,Childhood Experiences,Childhood Experiences,conversational_trait,True,low,"Evaluates conversational text for evidence of 'Childhood Experiences' based on language style, tone, expressed sentiment, and interpersonal posture.","{""high"": ""Demonstrates clear, consistent evidence of high Childhood Experiences through explicit statements, tone, or interaction pattern."", ""low"": ""Demonstrates explicit evidence of low Childhood Experiences or opposing behavioral tendencies in dialogue.""}",,valid
FACET_162,Data-sharing consent level,Data-sharing consent level,medical_biomarker,False,clinical_medical,"Medical, biological, or physiological biomarker: 'Data-sharing consent level'.",,"Requires biological, laboratory, or physiological measurement; unobservable from text.",valid
FACET_163,Vision-check frequency,Vision-check frequency,external_biographical,False,sensitive_personal,"Objective historical, lifestyle, or biographical tracking metric: 'Vision-check frequency'.",,"Requires objective external tracking, sensor data, or historical log verification.",valid
FACET_164,Physical-violence exposure,Physical-violence exposure,psychological_trait,False,high,Clinical psychometric construct: 'Physical-violence exposure'.,,Clinical diagnostic construct requiring accredited psychiatric/psychometric clinical evaluation.,valid
FACET_165,Macronutrient ratio: fat,Macronutrient ratio: fat,medical_biomarker,False,clinical_medical,"Medical, biological, or physiological biomarker: 'Macronutrient ratio: fat'.",,"Requires biological, laboratory, or physiological measurement; unobservable from text.",valid
FACET_166,Cooking and Culinary Arts,Cooking and Culinary Arts,conversational_trait,True,low,"Evaluates conversational text for evidence of 'Cooking and Culinary Arts' based on language style, tone, expressed sentiment, and interpersonal posture.","{""high"": ""Demonstrates clear, consistent evidence of high Cooking and Culinary Arts through explicit statements, tone, or interaction pattern."", ""low"": ""Demonstrates explicit evidence of low Cooking and Culinary Arts or opposing behavioral tendencies in dialogue.""}",,valid
FACET_167,Language use,Language use,conversational_trait,True,low,"Evaluates conversational text for evidence of 'Language use' based on language style, tone, expressed sentiment, and interpersonal posture.","{""high"": ""Demonstrates clear, consistent evidence of high Language use through explicit statements, tone, or interaction pattern."", ""low"": ""Demonstrates explicit evidence of low Language use or opposing behavioral tendencies in dialogue.""}",,valid
FACET_168,Dance-style mastery diversity,Dance-style mastery diversity,conversational_trait,True,low,"Evaluates conversational text for evidence of 'Dance-style mastery diversity' based on language style, tone, expressed sentiment, and interpersonal posture.","{""high"": ""Demonstrates clear, consistent evidence of high Dance-style mastery diversity through explicit statements, tone, or interaction pattern."", ""low"": ""Demonstrates explicit evidence of low Dance-style mastery diversity or opposing behavioral tendencies in dialogue.""}",,valid
FACET_169,Satya Adherence,Satya Adherence,esoteric_spiritual,False,sensitive_personal,Esoteric/spiritual practice or belief metric: 'Satya Adherence'.,,"Esoteric, ritual, or spiritual metric not objectively evaluable from standard dialogue text.",valid
FACET_170,Ethnocentrism,Ethnocentrism,conversational_trait,True,low,"Evaluates conversational text for evidence of 'Ethnocentrism' based on language style, tone, expressed sentiment, and interpersonal posture.","{""high"": ""Demonstrates clear, consistent evidence of high Ethnocentrism through explicit statements, tone, or interaction pattern."", ""low"": ""Demonstrates explicit evidence of low Ethnocentrism or opposing behavioral tendencies in dialogue.""}",,valid
FACET_171,Emotional Boundaries,Emotional Boundaries,conversational_trait,True,low,"Evaluates conversational text for evidence of 'Emotional Boundaries' based on language style, tone, expressed sentiment, and interpersonal posture.","{""high"": ""Demonstrates clear, consistent evidence of high Emotional Boundaries through explicit statements, tone, or interaction pattern."", ""low"": ""Demonstrates explicit evidence of low Emotional Boundaries or opposing behavioral tendencies in dialogue.""}",,valid
FACET_172,Creativity in solutions,Creativity in solutions,conversational_trait,True,low,"Evaluates conversational text for evidence of 'Creativity in solutions' based on language style, tone, expressed sentiment, and interpersonal posture.","{""high"": ""Demonstrates clear, consistent evidence of high Creativity in solutions through explicit statements, tone, or interaction pattern."", ""low"": ""Demonstrates explicit evidence of low Creativity in solutions or opposing behavioral tendencies in dialogue.""}",,valid
FACET_173,Psychological construct: Hope scale,Psychological construct: Hope scale,conversational_trait,True,low,"Evaluates conversational text for evidence of 'Psychological construct: Hope scale' based on language style, tone, expressed sentiment, and interpersonal posture.","{""high"": ""Demonstrates clear, consistent evidence of high Psychological construct: Hope scale through explicit statements, tone, or interaction pattern."", ""low"": ""Demonstrates explicit evidence of low Psychological construct: Hope scale or opposing behavioral tendencies in dialogue.""}",,valid
FACET_174,565. Practice frequency: Walking meditation,Practice frequency: Walking meditation,external_biographical,False,sensitive_personal,"Objective historical, lifestyle, or biographical tracking metric: 'Practice frequency: Walking meditation'.",,"Requires objective external tracking, sensor data, or historical log verification.",number_prefix_stripped
FACET_175,Depression (DEP),Depression (DEP),psychological_trait,False,high,Clinical psychometric construct: 'Depression (DEP)'.,,Clinical diagnostic construct requiring accredited psychiatric/psychometric clinical evaluation.,valid
FACET_176,Understanding Mathematical Concepts,Understanding Mathematical Concepts,conversational_trait,True,low,"Evaluates conversational text for evidence of 'Understanding Mathematical Concepts' based on language style, tone, expressed sentiment, and interpersonal posture.","{""high"": ""Demonstrates clear, consistent evidence of high Understanding Mathematical Concepts through explicit statements, tone, or interaction pattern."", ""low"": ""Demonstrates explicit evidence of low Understanding Mathematical Concepts or opposing behavioral tendencies in dialogue.""}",,valid
FACET_177,Hypomania (Ma),Hypomania (Ma),psychological_trait,False,high,Clinical psychometric construct: 'Hypomania (Ma)'.,,Clinical diagnostic construct requiring accredited psychiatric/psychometric clinical evaluation.,valid
FACET_178,Goal-Directed Behavior,Goal-Directed Behavior,conversational_trait,True,low,"Evaluates conversational text for evidence of 'Goal-Directed Behavior' based on language style, tone, expressed sentiment, and interpersonal posture.","{""high"": ""Demonstrates clear, consistent evidence of high Goal-Directed Behavior through explicit statements, tone, or interaction pattern."", ""low"": ""Demonstrates explicit evidence of low Goal-Directed Behavior or opposing behavioral tendencies in dialogue.""}",,valid
FACET_179,Depth of Emotional Connections,Depth of Emotional Connections,conversational_trait,True,low,"Evaluates conversational text for evidence of 'Depth of Emotional Connections' based on language style, tone, expressed sentiment, and interpersonal posture.","{""high"": ""Demonstrates clear, consistent evidence of high Depth of Emotional Connections through explicit statements, tone, or interaction pattern."", ""low"": ""Demonstrates explicit evidence of low Depth of Emotional Connections or opposing behavioral tendencies in dialogue.""}",,valid
FACET_180,Binding foundations index,Binding foundations index,conversational_trait,True,low,"Evaluates conversational text for evidence of 'Binding foundations index' based on language style, tone, expressed sentiment, and interpersonal posture.","{""high"": ""Demonstrates clear, consistent evidence of high Binding foundations index through explicit statements, tone, or interaction pattern."", ""low"": ""Demonstrates explicit evidence of low Binding foundations index or opposing behavioral tendencies in dialogue.""}",,valid
FACET_181,Ego Dissolution Frequency,Ego Dissolution Frequency,external_biographical,False,sensitive_personal,"Objective historical, lifestyle, or biographical tracking metric: 'Ego Dissolution Frequency'.",,"Requires objective external tracking, sensor data, or historical log verification.",valid
FACET_182,Activator: Turning thoughts into action,Activator: Turning thoughts into action,conversational_trait,True,low,"Evaluates conversational text for evidence of 'Activator: Turning thoughts into action' based on language style, tone, expressed sentiment, and interpersonal posture.","{""high"": ""Demonstrates clear, consistent evidence of high Activator: Turning thoughts into action through explicit statements, tone, or interaction pattern."", ""low"": ""Demonstrates explicit evidence of low Activator: Turning thoughts into action or opposing behavioral tendencies in dialogue.""}",,valid
FACET_183,967. Gnostic spiritual metric: Archon meditation frequency,Gnostic spiritual metric: Archon meditation frequency,esoteric_spiritual,False,sensitive_personal,Esoteric/spiritual practice or belief metric: 'Gnostic spiritual metric: Archon meditation frequency'.,,"Esoteric, ritual, or spiritual metric not objectively evaluable from standard dialogue text.",number_prefix_stripped
FACET_184,Exemplariness,Exemplariness,conversational_trait,True,low,"Evaluates conversational text for evidence of 'Exemplariness' based on language style, tone, expressed sentiment, and interpersonal posture.","{""high"": ""Demonstrates clear, consistent evidence of high Exemplariness through explicit statements, tone, or interaction pattern."", ""low"": ""Demonstrates explicit evidence of low Exemplariness or opposing behavioral tendencies in dialogue.""}",,valid
FACET_185,Moral and Ethical Parameters:,Moral and Ethical Parameters,header_label,False,low,Category header label: 'Moral and Ethical Parameters'. Not an evaluable individual facet.,,"Category header or structural section label, not an individual scoreable trait.",header_row
FACET_186,Submission:,Submission,header_label,False,low,Category header label: 'Submission'. Not an evaluable individual facet.,,"Category header or structural section label, not an individual scoreable trait.",header_row
FACET_187,Frankness,Frankness,conversational_trait,True,low,"Evaluates conversational text for evidence of 'Frankness' based on language style, tone, expressed sentiment, and interpersonal posture.","{""high"": ""Demonstrates clear, consistent evidence of high Frankness through explicit statements, tone, or interaction pattern."", ""low"": ""Demonstrates explicit evidence of low Frankness or opposing behavioral tendencies in dialogue.""}",,valid
FACET_188,Psychological construct: Psychological Safety climate,Psychological construct: Psychological Safety climate,conversational_trait,True,low,"Evaluates conversational text for evidence of 'Psychological construct: Psychological Safety climate' based on language style, tone, expressed sentiment, and interpersonal posture.","{""high"": ""Demonstrates clear, consistent evidence of high Psychological construct: Psychological Safety climate through explicit statements, tone, or interaction pattern."", ""low"": ""Demonstrates explicit evidence of low Psychological construct: Psychological Safety climate or opposing behavioral tendencies in dialogue.""}",,valid
FACET_189,Psychological construct: Self-Compassion total,Psychological construct: Self-Compassion total,conversational_trait,True,low,"Evaluates conversational text for evidence of 'Psychological construct: Self-Compassion total' based on language style, tone, expressed sentiment, and interpersonal posture.","{""high"": ""Demonstrates clear, consistent evidence of high Psychological construct: Self-Compassion total through explicit statements, tone, or interaction pattern."", ""low"": ""Demonstrates explicit evidence of low Psychological construct: Self-Compassion total or opposing behavioral tendencies in dialogue.""}",,valid
FACET_190,Psychological construct: Executive-Function composite,Psychological construct: Executive-Function composite,cognitive_skill_test,False,medium,Standardized cognitive or psychomotor test metric: 'Psychological construct: Executive-Function composite'.,,Requires a standardized psychometric testing task or timed cognitive exam.,valid
FACET_191,Rebelliousness,Rebelliousness,conversational_trait,True,medium,"Evaluates conversational text for evidence of 'Rebelliousness' based on language style, tone, expressed sentiment, and interpersonal posture.","{""high"": ""Demonstrates clear, consistent evidence of high Rebelliousness through explicit statements, tone, or interaction pattern."", ""low"": ""Demonstrates explicit evidence of low Rebelliousness or opposing behavioral tendencies in dialogue.""}",,valid
FACET_192,Volunteer Work,Volunteer Work,conversational_trait,True,low,"Evaluates conversational text for evidence of 'Volunteer Work' based on language style, tone, expressed sentiment, and interpersonal posture.","{""high"": ""Demonstrates clear, consistent evidence of high Volunteer Work through explicit statements, tone, or interaction pattern."", ""low"": ""Demonstrates explicit evidence of low Volunteer Work or opposing behavioral tendencies in dialogue.""}",,valid
FACET_193,Intellect,Intellect,conversational_trait,True,low,"Evaluates conversational text for evidence of 'Intellect' based on language style, tone, expressed sentiment, and interpersonal posture.","{""high"": ""Demonstrates clear, consistent evidence of high Intellect through explicit statements, tone, or interaction pattern."", ""low"": ""Demonstrates explicit evidence of low Intellect or opposing behavioral tendencies in dialogue.""}",,valid
FACET_194,Use of Mathematical Formulas,Use of Mathematical Formulas,conversational_trait,True,low,"Evaluates conversational text for evidence of 'Use of Mathematical Formulas' based on language style, tone, expressed sentiment, and interpersonal posture.","{""high"": ""Demonstrates clear, consistent evidence of high Use of Mathematical Formulas through explicit statements, tone, or interaction pattern."", ""low"": ""Demonstrates explicit evidence of low Use of Mathematical Formulas or opposing behavioral tendencies in dialogue.""}",,valid
FACET_195,Coarseness,Coarseness,conversational_trait,True,low,"Evaluates conversational text for evidence of 'Coarseness' based on language style, tone, expressed sentiment, and interpersonal posture.","{""high"": ""Demonstrates clear, consistent evidence of high Coarseness through explicit statements, tone, or interaction pattern."", ""low"": ""Demonstrates explicit evidence of low Coarseness or opposing behavioral tendencies in dialogue.""}",,valid
FACET_196,Behavioral Tendencies and Subcomponents:,Behavioral Tendencies and Subcomponents,header_label,False,low,Category header label: 'Behavioral Tendencies and Subcomponents'. Not an evaluable individual facet.,,"Category header or structural section label, not an individual scoreable trait.",header_row
FACET_197,Sensitivity,Sensitivity,conversational_trait,True,low,"Evaluates conversational text for evidence of 'Sensitivity' based on language style, tone, expressed sentiment, and interpersonal posture.","{""high"": ""Demonstrates clear, consistent evidence of high Sensitivity through explicit statements, tone, or interaction pattern."", ""low"": ""Demonstrates explicit evidence of low Sensitivity or opposing behavioral tendencies in dialogue.""}",,valid
FACET_198,Divided Attention Ability,Divided Attention Ability,cognitive_skill_test,False,medium,Standardized cognitive or psychomotor test metric: 'Divided Attention Ability'.,,Requires a standardized psychometric testing task or timed cognitive exam.,valid
FACET_199,Psychological construct: Acculturative Stress score,Psychological construct: Acculturative Stress score,psychological_trait,False,high,Clinical psychometric construct: 'Psychological construct: Acculturative Stress score'.,,Clinical diagnostic construct requiring accredited psychiatric/psychometric clinical evaluation.,valid
FACET_200,Dauntlessness,Dauntlessness,conversational_trait,True,low,"Evaluates conversational text for evidence of 'Dauntlessness' based on language style, tone, expressed sentiment, and interpersonal posture.","{""high"": ""Demonstrates clear, consistent evidence of high Dauntlessness through explicit statements, tone, or interaction pattern."", ""low"": ""Demonstrates explicit evidence of low Dauntlessness or opposing behavioral tendencies in dialogue.""}",,valid
FACET_201,Concreteness,Concreteness,conversational_trait,True,low,"Evaluates conversational text for evidence of 'Concreteness' based on language style, tone, expressed sentiment, and interpersonal posture.","{""high"": ""Demonstrates clear, consistent evidence of high Concreteness through explicit statements, tone, or interaction pattern."", ""low"": ""Demonstrates explicit evidence of low Concreteness or opposing behavioral tendencies in dialogue.""}",,valid
FACET_202,Hysteria (Hy),Hysteria (Hy),psychological_trait,False,high,Clinical psychometric construct: 'Hysteria (Hy)'.,,Clinical diagnostic construct requiring accredited psychiatric/psychometric clinical evaluation.,valid
FACET_203,911. Jewish spiritual metric: Sukkot lulav-shaking days,Jewish spiritual metric: Sukkot lulav-shaking days,esoteric_spiritual,False,sensitive_personal,Esoteric/spiritual practice or belief metric: 'Jewish spiritual metric: Sukkot lulav-shaking days'.,,"Esoteric, ritual, or spiritual metric not objectively evaluable from standard dialogue text.",number_prefix_stripped
FACET_204,Sentence Structure,Sentence Structure,conversational_trait,True,low,"Evaluates conversational text for evidence of 'Sentence Structure' based on language style, tone, expressed sentiment, and interpersonal posture.","{""high"": ""Demonstrates clear, consistent evidence of high Sentence Structure through explicit statements, tone, or interaction pattern."", ""low"": ""Demonstrates explicit evidence of low Sentence Structure or opposing behavioral tendencies in dialogue.""}",,valid
FACET_205,Esteem Needs,Esteem Needs,conversational_trait,True,low,"Evaluates conversational text for evidence of 'Esteem Needs' based on language style, tone, expressed sentiment, and interpersonal posture.","{""high"": ""Demonstrates clear, consistent evidence of high Esteem Needs through explicit statements, tone, or interaction pattern."", ""low"": ""Demonstrates explicit evidence of low Esteem Needs or opposing behavioral tendencies in dialogue.""}",,valid
FACET_206,Understanding mechanical concepts,Understanding mechanical concepts,conversational_trait,True,low,"Evaluates conversational text for evidence of 'Understanding mechanical concepts' based on language style, tone, expressed sentiment, and interpersonal posture.","{""high"": ""Demonstrates clear, consistent evidence of high Understanding mechanical concepts through explicit statements, tone, or interaction pattern."", ""low"": ""Demonstrates explicit evidence of low Understanding mechanical concepts or opposing behavioral tendencies in dialogue.""}",,valid
FACET_207,Auditory Memory Recall,Auditory Memory Recall,cognitive_skill_test,False,medium,Standardized cognitive or psychomotor test metric: 'Auditory Memory Recall'.,,Requires a standardized psychometric testing task or timed cognitive exam.,valid
FACET_208,Storytelling proficiency,Storytelling proficiency,conversational_trait,True,low,"Evaluates conversational text for evidence of 'Storytelling proficiency' based on language style, tone, expressed sentiment, and interpersonal posture.","{""high"": ""Demonstrates clear, consistent evidence of high Storytelling proficiency through explicit statements, tone, or interaction pattern."", ""low"": ""Demonstrates explicit evidence of low Storytelling proficiency or opposing behavioral tendencies in dialogue.""}",,valid
FACET_209,Music-lessons years,Music-lessons years,external_biographical,False,sensitive_personal,"Objective historical, lifestyle, or biographical tracking metric: 'Music-lessons years'.",,"Requires objective external tracking, sensor data, or historical log verification.",valid
FACET_210,Warmheartedness,Warmheartedness,conversational_trait,True,low,"Evaluates conversational text for evidence of 'Warmheartedness' based on language style, tone, expressed sentiment, and interpersonal posture.","{""high"": ""Demonstrates clear, consistent evidence of high Warmheartedness through explicit statements, tone, or interaction pattern."", ""low"": ""Demonstrates explicit evidence of low Warmheartedness or opposing behavioral tendencies in dialogue.""}",,valid
FACET_211,Self-effacement,Self-effacement,conversational_trait,True,low,"Evaluates conversational text for evidence of 'Self-effacement' based on language style, tone, expressed sentiment, and interpersonal posture.","{""high"": ""Demonstrates clear, consistent evidence of high Self-effacement through explicit statements, tone, or interaction pattern."", ""low"": ""Demonstrates explicit evidence of low Self-effacement or opposing behavioral tendencies in dialogue.""}",,valid
FACET_212,Outspokenness,Outspokenness,conversational_trait,True,low,"Evaluates conversational text for evidence of 'Outspokenness' based on language style, tone, expressed sentiment, and interpersonal posture.","{""high"": ""Demonstrates clear, consistent evidence of high Outspokenness through explicit statements, tone, or interaction pattern."", ""low"": ""Demonstrates explicit evidence of low Outspokenness or opposing behavioral tendencies in dialogue.""}",,valid
FACET_213,Sleep-environment temperature,Sleep-environment temperature,external_biographical,False,sensitive_personal,External demographic or environment parameter: 'Sleep-environment temperature'.,,External environment or historical parameter not directly observable from conversation.,valid
FACET_214,Comprehension of spoken information,Comprehension of spoken information,conversational_trait,True,low,"Evaluates conversational text for evidence of 'Comprehension of spoken information' based on language style, tone, expressed sentiment, and interpersonal posture.","{""high"": ""Demonstrates clear, consistent evidence of high Comprehension of spoken information through explicit statements, tone, or interaction pattern."", ""low"": ""Demonstrates explicit evidence of low Comprehension of spoken information or opposing behavioral tendencies in dialogue.""}",,valid
FACET_215,Blissfulness,Blissfulness,conversational_trait,True,low,"Evaluates conversational text for evidence of 'Blissfulness' based on language style, tone, expressed sentiment, and interpersonal posture.","{""high"": ""Demonstrates clear, consistent evidence of high Blissfulness through explicit statements, tone, or interaction pattern."", ""low"": ""Demonstrates explicit evidence of low Blissfulness or opposing behavioral tendencies in dialogue.""}",,valid
FACET_216,Sequential Memory Recall,Sequential Memory Recall,cognitive_skill_test,False,medium,Standardized cognitive or psychomotor test metric: 'Sequential Memory Recall'.,,Requires a standardized psychometric testing task or timed cognitive exam.,valid
FACET_217,Withdrawnness,Withdrawnness,conversational_trait,True,low,"Evaluates conversational text for evidence of 'Withdrawnness' based on language style, tone, expressed sentiment, and interpersonal posture.","{""high"": ""Demonstrates clear, consistent evidence of high Withdrawnness through explicit statements, tone, or interaction pattern."", ""low"": ""Demonstrates explicit evidence of low Withdrawnness or opposing behavioral tendencies in dialogue.""}",,valid
FACET_218,892. Hindu spiritual metric: Yoga discipline hours / week,Hindu spiritual metric: Yoga discipline hours / week,esoteric_spiritual,False,sensitive_personal,Esoteric/spiritual practice or belief metric: 'Hindu spiritual metric: Yoga discipline hours / week'.,,"Esoteric, ritual, or spiritual metric not objectively evaluable from standard dialogue text.",number_prefix_stripped
FACET_219,Conservatism,Conservatism,conversational_trait,True,low,"Evaluates conversational text for evidence of 'Conservatism' based on language style, tone, expressed sentiment, and interpersonal posture.","{""high"": ""Demonstrates clear, consistent evidence of high Conservatism through explicit statements, tone, or interaction pattern."", ""low"": ""Demonstrates explicit evidence of low Conservatism or opposing behavioral tendencies in dialogue.""}",,valid
FACET_220,Adaptability and Flexibility Subcomponents:,Adaptability and Flexibility Subcomponents,header_label,False,low,Category header label: 'Adaptability and Flexibility Subcomponents'. Not an evaluable individual facet.,,"Category header or structural section label, not an individual scoreable trait.",header_row
FACET_221,898. Hindu spiritual metric: Vrata vows observed / year,Hindu spiritual metric: Vrata vows observed / year,esoteric_spiritual,False,sensitive_personal,Esoteric/spiritual practice or belief metric: 'Hindu spiritual metric: Vrata vows observed / year'.,,"Esoteric, ritual, or spiritual metric not objectively evaluable from standard dialogue text.",number_prefix_stripped
FACET_222,Ardency,Ardency,conversational_trait,True,low,"Evaluates conversational text for evidence of 'Ardency' based on language style, tone, expressed sentiment, and interpersonal posture.","{""high"": ""Demonstrates clear, consistent evidence of high Ardency through explicit statements, tone, or interaction pattern."", ""low"": ""Demonstrates explicit evidence of low Ardency or opposing behavioral tendencies in dialogue.""}",,valid
FACET_223,Aesthetic Appreciation,Aesthetic Appreciation,conversational_trait,True,low,"Evaluates conversational text for evidence of 'Aesthetic Appreciation' based on language style, tone, expressed sentiment, and interpersonal posture.","{""high"": ""Demonstrates clear, consistent evidence of high Aesthetic Appreciation through explicit statements, tone, or interaction pattern."", ""low"": ""Demonstrates explicit evidence of low Aesthetic Appreciation or opposing behavioral tendencies in dialogue.""}",,valid
FACET_224,Transactional Leadership:,Transactional Leadership,header_label,False,low,Category header label: 'Transactional Leadership'. Not an evaluable individual facet.,,"Category header or structural section label, not an individual scoreable trait.",header_row
FACET_225,Value orientation: Universalism,Value orientation: Universalism,conversational_trait,True,low,"Evaluates conversational text for evidence of 'Value orientation: Universalism' based on language style, tone, expressed sentiment, and interpersonal posture.","{""high"": ""Demonstrates clear, consistent evidence of high Value orientation: Universalism through explicit statements, tone, or interaction pattern."", ""low"": ""Demonstrates explicit evidence of low Value orientation: Universalism or opposing behavioral tendencies in dialogue.""}",,valid
FACET_226,Perseverance,Perseverance,conversational_trait,True,low,"Evaluates conversational text for evidence of 'Perseverance' based on language style, tone, expressed sentiment, and interpersonal posture.","{""high"": ""Demonstrates clear, consistent evidence of high Perseverance through explicit statements, tone, or interaction pattern."", ""low"": ""Demonstrates explicit evidence of low Perseverance or opposing behavioral tendencies in dialogue.""}",,valid
FACET_227,Regularity of Self-Reflection,Regularity of Self-Reflection,conversational_trait,True,low,"Evaluates conversational text for evidence of 'Regularity of Self-Reflection' based on language style, tone, expressed sentiment, and interpersonal posture.","{""high"": ""Demonstrates clear, consistent evidence of high Regularity of Self-Reflection through explicit statements, tone, or interaction pattern."", ""low"": ""Demonstrates explicit evidence of low Regularity of Self-Reflection or opposing behavioral tendencies in dialogue.""}",,valid
FACET_228,Controlling Reactions,Controlling Reactions,conversational_trait,True,low,"Evaluates conversational text for evidence of 'Controlling Reactions' based on language style, tone, expressed sentiment, and interpersonal posture.","{""high"": ""Demonstrates clear, consistent evidence of high Controlling Reactions through explicit statements, tone, or interaction pattern."", ""low"": ""Demonstrates explicit evidence of low Controlling Reactions or opposing behavioral tendencies in dialogue.""}",,valid
FACET_229,Psychological construct: Cultural Intelligence – Behavioral,Psychological construct: Cultural Intelligence – Behavioral,conversational_trait,True,low,"Evaluates conversational text for evidence of 'Psychological construct: Cultural Intelligence – Behavioral' based on language style, tone, expressed sentiment, and interpersonal posture.","{""high"": ""Demonstrates clear, consistent evidence of high Psychological construct: Cultural Intelligence \u2013 Behavioral through explicit statements, tone, or interaction pattern."", ""low"": ""Demonstrates explicit evidence of low Psychological construct: Cultural Intelligence \u2013 Behavioral or opposing behavioral tendencies in dialogue.""}",,encoding_repaired
FACET_230,Metabolic Rate (Low or High),Metabolic Rate (Low or High),medical_biomarker,False,clinical_medical,"Medical, biological, or physiological biomarker: 'Metabolic Rate (Low or High)'.",,"Requires biological, laboratory, or physiological measurement; unobservable from text.",valid
FACET_231,Dietary Habits,Dietary Habits,external_biographical,False,sensitive_personal,"Objective historical, lifestyle, or biographical tracking metric: 'Dietary Habits'.",,"Requires objective external tracking, sensor data, or historical log verification.",valid
FACET_232,Significance: Desire to make an impact,Significance: Desire to make an impact,conversational_trait,True,low,"Evaluates conversational text for evidence of 'Significance: Desire to make an impact' based on language style, tone, expressed sentiment, and interpersonal posture.","{""high"": ""Demonstrates clear, consistent evidence of high Significance: Desire to make an impact through explicit statements, tone, or interaction pattern."", ""low"": ""Demonstrates explicit evidence of low Significance: Desire to make an impact or opposing behavioral tendencies in dialogue.""}",,valid
FACET_233,Psychological construct: Resilience-Trait score,Psychological construct: Resilience-Trait score,conversational_trait,True,low,"Evaluates conversational text for evidence of 'Psychological construct: Resilience-Trait score' based on language style, tone, expressed sentiment, and interpersonal posture.","{""high"": ""Demonstrates clear, consistent evidence of high Psychological construct: Resilience-Trait score through explicit statements, tone, or interaction pattern."", ""low"": ""Demonstrates explicit evidence of low Psychological construct: Resilience-Trait score or opposing behavioral tendencies in dialogue.""}",,valid
FACET_234,Boredom Susceptibility,Boredom Susceptibility,conversational_trait,True,low,"Evaluates conversational text for evidence of 'Boredom Susceptibility' based on language style, tone, expressed sentiment, and interpersonal posture.","{""high"": ""Demonstrates clear, consistent evidence of high Boredom Susceptibility through explicit statements, tone, or interaction pattern."", ""low"": ""Demonstrates explicit evidence of low Boredom Susceptibility or opposing behavioral tendencies in dialogue.""}",,valid
FACET_235,Psychological construct: Consummatory Pleasure scale,Psychological construct: Consummatory Pleasure scale,conversational_trait,True,low,"Evaluates conversational text for evidence of 'Psychological construct: Consummatory Pleasure scale' based on language style, tone, expressed sentiment, and interpersonal posture.","{""high"": ""Demonstrates clear, consistent evidence of high Psychological construct: Consummatory Pleasure scale through explicit statements, tone, or interaction pattern."", ""low"": ""Demonstrates explicit evidence of low Psychological construct: Consummatory Pleasure scale or opposing behavioral tendencies in dialogue.""}",,valid
FACET_236,Leadership Styles and Behaviors:,Leadership Styles and Behaviors,header_label,False,low,Category header label: 'Leadership Styles and Behaviors'. Not an evaluable individual facet.,,"Category header or structural section label, not an individual scoreable trait.",header_row
FACET_237,723. I Ching hexagram 5 resonance level,I Ching hexagram 5 resonance level,esoteric_spiritual,False,sensitive_personal,Esoteric/spiritual practice or belief metric: 'I Ching hexagram 5 resonance level'.,,"Esoteric, ritual, or spiritual metric not objectively evaluable from standard dialogue text.",number_prefix_stripped
FACET_238,Macronutrient ratio: carbs,Macronutrient ratio: carbs,medical_biomarker,False,clinical_medical,"Medical, biological, or physiological biomarker: 'Macronutrient ratio: carbs'.",,"Requires biological, laboratory, or physiological measurement; unobservable from text.",valid
FACET_239,Passport-stamps count,Passport-stamps count,external_biographical,False,sensitive_personal,"Objective historical, lifestyle, or biographical tracking metric: 'Passport-stamps count'.",,"Requires objective external tracking, sensor data, or historical log verification.",valid
FACET_240,Local-food sourcing %,Local-food sourcing %,external_biographical,False,sensitive_personal,"Objective historical, lifestyle, or biographical tracking metric: 'Local-food sourcing %'.",,"Requires objective external tracking, sensor data, or historical log verification.",valid
FACET_241,Patient care orientation,Patient care orientation,conversational_trait,True,low,"Evaluates conversational text for evidence of 'Patient care orientation' based on language style, tone, expressed sentiment, and interpersonal posture.","{""high"": ""Demonstrates clear, consistent evidence of high Patient care orientation through explicit statements, tone, or interaction pattern."", ""low"": ""Demonstrates explicit evidence of low Patient care orientation or opposing behavioral tendencies in dialogue.""}",,valid
FACET_242,Soft-skill training hours,Soft-skill training hours,external_biographical,False,sensitive_personal,"Objective historical, lifestyle, or biographical tracking metric: 'Soft-skill training hours'.",,"Requires objective external tracking, sensor data, or historical log verification.",valid
FACET_243,Graffiti appreciation,Graffiti appreciation,conversational_trait,True,low,"Evaluates conversational text for evidence of 'Graffiti appreciation' based on language style, tone, expressed sentiment, and interpersonal posture.","{""high"": ""Demonstrates clear, consistent evidence of high Graffiti appreciation through explicit statements, tone, or interaction pattern."", ""low"": ""Demonstrates explicit evidence of low Graffiti appreciation or opposing behavioral tendencies in dialogue.""}",,valid
FACET_244,Preference for Home-Cooked vs Restaurant Meals,Preference for Home-Cooked vs Restaurant Meals,conversational_trait,True,low,"Evaluates conversational text for evidence of 'Preference for Home-Cooked vs Restaurant Meals' based on language style, tone, expressed sentiment, and interpersonal posture.","{""high"": ""Demonstrates clear, consistent evidence of high Preference for Home-Cooked vs Restaurant Meals through explicit statements, tone, or interaction pattern."", ""low"": ""Demonstrates explicit evidence of low Preference for Home-Cooked vs Restaurant Meals or opposing behavioral tendencies in dialogue.""}",,valid
FACET_245,Immune-response age,Immune-response age,medical_biomarker,False,clinical_medical,"Medical, biological, or physiological biomarker: 'Immune-response age'.",,"Requires biological, laboratory, or physiological measurement; unobservable from text.",valid
FACET_246,Social-cognition variable: Cognitive Empathy,Social-cognition variable: Cognitive Empathy,conversational_trait,True,low,"Evaluates conversational text for evidence of 'Social-cognition variable: Cognitive Empathy' based on language style, tone, expressed sentiment, and interpersonal posture.","{""high"": ""Demonstrates clear, consistent evidence of high Social-cognition variable: Cognitive Empathy through explicit statements, tone, or interaction pattern."", ""low"": ""Demonstrates explicit evidence of low Social-cognition variable: Cognitive Empathy or opposing behavioral tendencies in dialogue.""}",,valid
FACET_247,Kink-interest diversity,Kink-interest diversity,conversational_trait,True,low,"Evaluates conversational text for evidence of 'Kink-interest diversity' based on language style, tone, expressed sentiment, and interpersonal posture.","{""high"": ""Demonstrates clear, consistent evidence of high Kink-interest diversity through explicit statements, tone, or interaction pattern."", ""low"": ""Demonstrates explicit evidence of low Kink-interest diversity or opposing behavioral tendencies in dialogue.""}",,valid
FACET_248,Adaptability and Flexibility:,Adaptability and Flexibility,header_label,False,low,Category header label: 'Adaptability and Flexibility'. Not an evaluable individual facet.,,"Category header or structural section label, not an individual scoreable trait.",header_row
FACET_249,Judging Consequences,Judging Consequences,conversational_trait,True,low,"Evaluates conversational text for evidence of 'Judging Consequences' based on language style, tone, expressed sentiment, and interpersonal posture.","{""high"": ""Demonstrates clear, consistent evidence of high Judging Consequences through explicit statements, tone, or interaction pattern."", ""low"": ""Demonstrates explicit evidence of low Judging Consequences or opposing behavioral tendencies in dialogue.""}",,valid
FACET_250,Harmfulness,Harmfulness,conversational_trait,True,low,"Evaluates conversational text for evidence of 'Harmfulness' based on language style, tone, expressed sentiment, and interpersonal posture.","{""high"": ""Demonstrates clear, consistent evidence of high Harmfulness through explicit statements, tone, or interaction pattern."", ""low"": ""Demonstrates explicit evidence of low Harmfulness or opposing behavioral tendencies in dialogue.""}",,valid
FACET_251,Affinity,Affinity,conversational_trait,True,low,"Evaluates conversational text for evidence of 'Affinity' based on language style, tone, expressed sentiment, and interpersonal posture.","{""high"": ""Demonstrates clear, consistent evidence of high Affinity through explicit statements, tone, or interaction pattern."", ""low"": ""Demonstrates explicit evidence of low Affinity or opposing behavioral tendencies in dialogue.""}",,valid
FACET_252,Abasement,Abasement,conversational_trait,True,low,"Evaluates conversational text for evidence of 'Abasement' based on language style, tone, expressed sentiment, and interpersonal posture.","{""high"": ""Demonstrates clear, consistent evidence of high Abasement through explicit statements, tone, or interaction pattern."", ""low"": ""Demonstrates explicit evidence of low Abasement or opposing behavioral tendencies in dialogue.""}",,valid
FACET_253,Chronic pain presence,Chronic pain presence,medical_biomarker,False,clinical_medical,"Medical, biological, or physiological biomarker: 'Chronic pain presence'.",,"Requires biological, laboratory, or physiological measurement; unobservable from text.",valid
FACET_254,520. Discernment practice hours / week,Discernment practice hours / week,external_biographical,False,sensitive_personal,"Objective historical, lifestyle, or biographical tracking metric: 'Discernment practice hours / week'.",,"Requires objective external tracking, sensor data, or historical log verification.",number_prefix_stripped
FACET_255,Initiative,Initiative,conversational_trait,True,low,"Evaluates conversational text for evidence of 'Initiative' based on language style, tone, expressed sentiment, and interpersonal posture.","{""high"": ""Demonstrates clear, consistent evidence of high Initiative through explicit statements, tone, or interaction pattern."", ""low"": ""Demonstrates explicit evidence of low Initiative or opposing behavioral tendencies in dialogue.""}",,valid
FACET_256,Courageousness,Courageousness,conversational_trait,True,low,"Evaluates conversational text for evidence of 'Courageousness' based on language style, tone, expressed sentiment, and interpersonal posture.","{""high"": ""Demonstrates clear, consistent evidence of high Courageousness through explicit statements, tone, or interaction pattern."", ""low"": ""Demonstrates explicit evidence of low Courageousness or opposing behavioral tendencies in dialogue.""}",,valid
FACET_257,Joyfulness,Joyfulness,conversational_trait,True,low,"Evaluates conversational text for evidence of 'Joyfulness' based on language style, tone, expressed sentiment, and interpersonal posture.","{""high"": ""Demonstrates clear, consistent evidence of high Joyfulness through explicit statements, tone, or interaction pattern."", ""low"": ""Demonstrates explicit evidence of low Joyfulness or opposing behavioral tendencies in dialogue.""}",,valid
FACET_258,Suspicion,Suspicion,conversational_trait,True,low,"Evaluates conversational text for evidence of 'Suspicion' based on language style, tone, expressed sentiment, and interpersonal posture.","{""high"": ""Demonstrates clear, consistent evidence of high Suspicion through explicit statements, tone, or interaction pattern."", ""low"": ""Demonstrates explicit evidence of low Suspicion or opposing behavioral tendencies in dialogue.""}",,valid
FACET_259,Basophil count,Basophil count,medical_biomarker,False,clinical_medical,"Medical, biological, or physiological biomarker: 'Basophil count'.",,"Requires biological, laboratory, or physiological measurement; unobservable from text.",valid
FACET_260,Attachment avoidance score,Attachment avoidance score,conversational_trait,True,low,"Evaluates conversational text for evidence of 'Attachment avoidance score' based on language style, tone, expressed sentiment, and interpersonal posture.","{""high"": ""Demonstrates clear, consistent evidence of high Attachment avoidance score through explicit statements, tone, or interaction pattern."", ""low"": ""Demonstrates explicit evidence of low Attachment avoidance score or opposing behavioral tendencies in dialogue.""}",,valid
FACET_261,Time Orientation End Points:,Time Orientation End Points,header_label,False,low,Category header label: 'Time Orientation End Points'. Not an evaluable individual facet.,,"Category header or structural section label, not an individual scoreable trait.",header_row
FACET_262,Brazenness,Brazenness,conversational_trait,True,low,"Evaluates conversational text for evidence of 'Brazenness' based on language style, tone, expressed sentiment, and interpersonal posture.","{""high"": ""Demonstrates clear, consistent evidence of high Brazenness through explicit statements, tone, or interaction pattern."", ""low"": ""Demonstrates explicit evidence of low Brazenness or opposing behavioral tendencies in dialogue.""}",,valid
FACET_263,Talkativeness,Talkativeness,conversational_trait,True,low,"Evaluates conversational text for evidence of 'Talkativeness' based on language style, tone, expressed sentiment, and interpersonal posture.","{""high"": ""Demonstrates clear, consistent evidence of high Talkativeness through explicit statements, tone, or interaction pattern."", ""low"": ""Demonstrates explicit evidence of low Talkativeness or opposing behavioral tendencies in dialogue.""}",,valid
FACET_264,Equitableness,Equitableness,conversational_trait,True,low,"Evaluates conversational text for evidence of 'Equitableness' based on language style, tone, expressed sentiment, and interpersonal posture.","{""high"": ""Demonstrates clear, consistent evidence of high Equitableness through explicit statements, tone, or interaction pattern."", ""low"": ""Demonstrates explicit evidence of low Equitableness or opposing behavioral tendencies in dialogue.""}",,valid
FACET_265,Ideas generated/day,Ideas generated/day,conversational_trait,True,low,"Evaluates conversational text for evidence of 'Ideas generated/day' based on language style, tone, expressed sentiment, and interpersonal posture.","{""high"": ""Demonstrates clear, consistent evidence of high Ideas generated/day through explicit statements, tone, or interaction pattern."", ""low"": ""Demonstrates explicit evidence of low Ideas generated/day or opposing behavioral tendencies in dialogue.""}",,valid
FACET_266,Originality,Originality,conversational_trait,True,low,"Evaluates conversational text for evidence of 'Originality' based on language style, tone, expressed sentiment, and interpersonal posture.","{""high"": ""Demonstrates clear, consistent evidence of high Originality through explicit statements, tone, or interaction pattern."", ""low"": ""Demonstrates explicit evidence of low Originality or opposing behavioral tendencies in dialogue.""}",,valid
FACET_267,Fearfulness: Fear of physical dangers,Fearfulness: Fear of physical dangers,conversational_trait,True,low,"Evaluates conversational text for evidence of 'Fearfulness: Fear of physical dangers' based on language style, tone, expressed sentiment, and interpersonal posture.","{""high"": ""Demonstrates clear, consistent evidence of high Fearfulness: Fear of physical dangers through explicit statements, tone, or interaction pattern."", ""low"": ""Demonstrates explicit evidence of low Fearfulness: Fear of physical dangers or opposing behavioral tendencies in dialogue.""}",,valid
FACET_268,Dance rehearsal hours/week,Dance rehearsal hours/week,external_biographical,False,sensitive_personal,"Objective historical, lifestyle, or biographical tracking metric: 'Dance rehearsal hours/week'.",,"Requires objective external tracking, sensor data, or historical log verification.",valid
FACET_269,561. Practice frequency: Mantra meditation,Practice frequency: Mantra meditation,external_biographical,False,sensitive_personal,"Objective historical, lifestyle, or biographical tracking metric: 'Practice frequency: Mantra meditation'.",,"Requires objective external tracking, sensor data, or historical log verification.",number_prefix_stripped
FACET_270,Public-transport km/week,Public-transport km/week,external_biographical,False,sensitive_personal,"Objective historical, lifestyle, or biographical tracking metric: 'Public-transport km/week'.",,"Requires objective external tracking, sensor data, or historical log verification.",valid
FACET_271,Social Desirability Bias,Social Desirability Bias,conversational_trait,True,low,"Evaluates conversational text for evidence of 'Social Desirability Bias' based on language style, tone, expressed sentiment, and interpersonal posture.","{""high"": ""Demonstrates clear, consistent evidence of high Social Desirability Bias through explicit statements, tone, or interaction pattern."", ""low"": ""Demonstrates explicit evidence of low Social Desirability Bias or opposing behavioral tendencies in dialogue.""}",,valid
FACET_272,761. I Ching hexagram 43 resonance level,I Ching hexagram 43 resonance level,esoteric_spiritual,False,sensitive_personal,Esoteric/spiritual practice or belief metric: 'I Ching hexagram 43 resonance level'.,,"Esoteric, ritual, or spiritual metric not objectively evaluable from standard dialogue text.",number_prefix_stripped
FACET_273,Disagreeableness,Disagreeableness,conversational_trait,True,low,"Evaluates conversational text for evidence of 'Disagreeableness' based on language style, tone, expressed sentiment, and interpersonal posture.","{""high"": ""Demonstrates clear, consistent evidence of high Disagreeableness through explicit statements, tone, or interaction pattern."", ""low"": ""Demonstrates explicit evidence of low Disagreeableness or opposing behavioral tendencies in dialogue.""}",,valid
FACET_274,Participation in Community Activities,Participation in Community Activities,conversational_trait,True,low,"Evaluates conversational text for evidence of 'Participation in Community Activities' based on language style, tone, expressed sentiment, and interpersonal posture.","{""high"": ""Demonstrates clear, consistent evidence of high Participation in Community Activities through explicit statements, tone, or interaction pattern."", ""low"": ""Demonstrates explicit evidence of low Participation in Community Activities or opposing behavioral tendencies in dialogue.""}",,valid
FACET_275,Impudence,Impudence,conversational_trait,True,medium,"Evaluates conversational text for evidence of 'Impudence' based on language style, tone, expressed sentiment, and interpersonal posture.","{""high"": ""Demonstrates clear, consistent evidence of high Impudence through explicit statements, tone, or interaction pattern."", ""low"": ""Demonstrates explicit evidence of low Impudence or opposing behavioral tendencies in dialogue.""}",,valid
FACET_276,Analogies,Analogies,conversational_trait,True,low,"Evaluates conversational text for evidence of 'Analogies' based on language style, tone, expressed sentiment, and interpersonal posture.","{""high"": ""Demonstrates clear, consistent evidence of high Analogies through explicit statements, tone, or interaction pattern."", ""low"": ""Demonstrates explicit evidence of low Analogies or opposing behavioral tendencies in dialogue.""}",,valid
FACET_277,Clumsiness,Clumsiness,conversational_trait,True,low,"Evaluates conversational text for evidence of 'Clumsiness' based on language style, tone, expressed sentiment, and interpersonal posture.","{""high"": ""Demonstrates clear, consistent evidence of high Clumsiness through explicit statements, tone, or interaction pattern."", ""low"": ""Demonstrates explicit evidence of low Clumsiness or opposing behavioral tendencies in dialogue.""}",,valid
FACET_278,Tendency Toward Compromise or Confrontation,Tendency Toward Compromise or Confrontation,conversational_trait,True,low,"Evaluates conversational text for evidence of 'Tendency Toward Compromise or Confrontation' based on language style, tone, expressed sentiment, and interpersonal posture.","{""high"": ""Demonstrates clear, consistent evidence of high Tendency Toward Compromise or Confrontation through explicit statements, tone, or interaction pattern."", ""low"": ""Demonstrates explicit evidence of low Tendency Toward Compromise or Confrontation or opposing behavioral tendencies in dialogue.""}",,valid
FACET_279,737. I Ching hexagram 19 resonance level,I Ching hexagram 19 resonance level,esoteric_spiritual,False,sensitive_personal,Esoteric/spiritual practice or belief metric: 'I Ching hexagram 19 resonance level'.,,"Esoteric, ritual, or spiritual metric not objectively evaluable from standard dialogue text.",number_prefix_stripped
FACET_280,Robotics-interaction frequency,Robotics-interaction frequency,external_biographical,False,sensitive_personal,"Objective historical, lifestyle, or biographical tracking metric: 'Robotics-interaction frequency'.",,"Requires objective external tracking, sensor data, or historical log verification.",valid
FACET_281,Casual lifestyle,Casual lifestyle,conversational_trait,True,low,"Evaluates conversational text for evidence of 'Casual lifestyle' based on language style, tone, expressed sentiment, and interpersonal posture.","{""high"": ""Demonstrates clear, consistent evidence of high Casual lifestyle through explicit statements, tone, or interaction pattern."", ""low"": ""Demonstrates explicit evidence of low Casual lifestyle or opposing behavioral tendencies in dialogue.""}",,valid
FACET_282,Collectedness,Collectedness,conversational_trait,True,low,"Evaluates conversational text for evidence of 'Collectedness' based on language style, tone, expressed sentiment, and interpersonal posture.","{""high"": ""Demonstrates clear, consistent evidence of high Collectedness through explicit statements, tone, or interaction pattern."", ""low"": ""Demonstrates explicit evidence of low Collectedness or opposing behavioral tendencies in dialogue.""}",,valid
FACET_283,Reliance on context,Reliance on context,conversational_trait,True,low,"Evaluates conversational text for evidence of 'Reliance on context' based on language style, tone, expressed sentiment, and interpersonal posture.","{""high"": ""Demonstrates clear, consistent evidence of high Reliance on context through explicit statements, tone, or interaction pattern."", ""low"": ""Demonstrates explicit evidence of low Reliance on context or opposing behavioral tendencies in dialogue.""}",,valid
FACET_284,Delegation skills,Delegation skills,conversational_trait,True,low,"Evaluates conversational text for evidence of 'Delegation skills' based on language style, tone, expressed sentiment, and interpersonal posture.","{""high"": ""Demonstrates clear, consistent evidence of high Delegation skills through explicit statements, tone, or interaction pattern."", ""low"": ""Demonstrates explicit evidence of low Delegation skills or opposing behavioral tendencies in dialogue.""}",,valid
FACET_285,767. I Ching hexagram 49 resonance level,I Ching hexagram 49 resonance level,esoteric_spiritual,False,sensitive_personal,Esoteric/spiritual practice or belief metric: 'I Ching hexagram 49 resonance level'.,,"Esoteric, ritual, or spiritual metric not objectively evaluable from standard dialogue text.",number_prefix_stripped
FACET_286,Managing emotions,Managing emotions,conversational_trait,True,low,"Evaluates conversational text for evidence of 'Managing emotions' based on language style, tone, expressed sentiment, and interpersonal posture.","{""high"": ""Demonstrates clear, consistent evidence of high Managing emotions through explicit statements, tone, or interaction pattern."", ""low"": ""Demonstrates explicit evidence of low Managing emotions or opposing behavioral tendencies in dialogue.""}",,valid
FACET_287,Scripture memorization verses,Scripture memorization verses,conversational_trait,True,low,"Evaluates conversational text for evidence of 'Scripture memorization verses' based on language style, tone, expressed sentiment, and interpersonal posture.","{""high"": ""Demonstrates clear, consistent evidence of high Scripture memorization verses through explicit statements, tone, or interaction pattern."", ""low"": ""Demonstrates explicit evidence of low Scripture memorization verses or opposing behavioral tendencies in dialogue.""}",,valid
FACET_288,Conventional,Conventional,conversational_trait,True,low,"Evaluates conversational text for evidence of 'Conventional' based on language style, tone, expressed sentiment, and interpersonal posture.","{""high"": ""Demonstrates clear, consistent evidence of high Conventional through explicit statements, tone, or interaction pattern."", ""low"": ""Demonstrates explicit evidence of low Conventional or opposing behavioral tendencies in dialogue.""}",,valid
FACET_289,890. Hindu spiritual metric: Bhagavad-Gita study hours,Hindu spiritual metric: Bhagavad-Gita study hours,esoteric_spiritual,False,sensitive_personal,Esoteric/spiritual practice or belief metric: 'Hindu spiritual metric: Bhagavad-Gita study hours'.,,"Esoteric, ritual, or spiritual metric not objectively evaluable from standard dialogue text.",number_prefix_stripped
FACET_290,Open-source contributions,Open-source contributions,external_biographical,False,sensitive_personal,"Objective historical, lifestyle, or biographical tracking metric: 'Open-source contributions'.",,"Requires objective external tracking, sensor data, or historical log verification.",valid
FACET_291,Psychological construct: Social Conformity tendency,Psychological construct: Social Conformity tendency,conversational_trait,True,low,"Evaluates conversational text for evidence of 'Psychological construct: Social Conformity tendency' based on language style, tone, expressed sentiment, and interpersonal posture.","{""high"": ""Demonstrates clear, consistent evidence of high Psychological construct: Social Conformity tendency through explicit statements, tone, or interaction pattern."", ""low"": ""Demonstrates explicit evidence of low Psychological construct: Social Conformity tendency or opposing behavioral tendencies in dialogue.""}",,valid
FACET_292,Individuality,Individuality,conversational_trait,True,low,"Evaluates conversational text for evidence of 'Individuality' based on language style, tone, expressed sentiment, and interpersonal posture.","{""high"": ""Demonstrates clear, consistent evidence of high Individuality through explicit statements, tone, or interaction pattern."", ""low"": ""Demonstrates explicit evidence of low Individuality or opposing behavioral tendencies in dialogue.""}",,valid
FACET_293,740. I Ching hexagram 22 resonance level,I Ching hexagram 22 resonance level,esoteric_spiritual,False,sensitive_personal,Esoteric/spiritual practice or belief metric: 'I Ching hexagram 22 resonance level'.,,"Esoteric, ritual, or spiritual metric not objectively evaluable from standard dialogue text.",number_prefix_stripped
FACET_294,Attachment style: Secure,Attachment style: Secure,conversational_trait,True,low,"Evaluates conversational text for evidence of 'Attachment style: Secure' based on language style, tone, expressed sentiment, and interpersonal posture.","{""high"": ""Demonstrates clear, consistent evidence of high Attachment style: Secure through explicit statements, tone, or interaction pattern."", ""low"": ""Demonstrates explicit evidence of low Attachment style: Secure or opposing behavioral tendencies in dialogue.""}",,valid
FACET_295,Intelligence Quotient (IQ),Intelligence Quotient (IQ),cognitive_skill_test,False,medium,Standardized cognitive or psychomotor test metric: 'Intelligence Quotient (IQ)'.,,Requires a standardized psychometric testing task or timed cognitive exam.,valid
FACET_296,Blog-subscriber count,Blog-subscriber count,external_biographical,False,sensitive_personal,"Objective historical, lifestyle, or biographical tracking metric: 'Blog-subscriber count'.",,"Requires objective external tracking, sensor data, or historical log verification.",valid
FACET_297,Non-Verbal Communication Skills,Non-Verbal Communication Skills,conversational_trait,True,low,"Evaluates conversational text for evidence of 'Non-Verbal Communication Skills' based on language style, tone, expressed sentiment, and interpersonal posture.","{""high"": ""Demonstrates clear, consistent evidence of high Non-Verbal Communication Skills through explicit statements, tone, or interaction pattern."", ""low"": ""Demonstrates explicit evidence of low Non-Verbal Communication Skills or opposing behavioral tendencies in dialogue.""}",,valid
FACET_298,Drug-use history,Drug-use history,external_biographical,False,sensitive_personal,"Objective historical, lifestyle, or biographical tracking metric: 'Drug-use history'.",,"Requires objective external tracking, sensor data, or historical log verification.",valid
FACET_299,Commute time/day,Commute time/day,external_biographical,False,sensitive_personal,"Objective historical, lifestyle, or biographical tracking metric: 'Commute time/day'.",,"Requires objective external tracking, sensor data, or historical log verification.",valid
FACET_300,Decision-making speed,Decision-making speed,conversational_trait,True,low,"Evaluates conversational text for evidence of 'Decision-making speed' based on language style, tone, expressed sentiment, and interpersonal posture.","{""high"": ""Demonstrates clear, consistent evidence of high Decision-making speed through explicit statements, tone, or interaction pattern."", ""low"": ""Demonstrates explicit evidence of low Decision-making speed or opposing behavioral tendencies in dialogue.""}",,valid
FACET_301,Psychological construct: Excuse-Making tendency,Psychological construct: Excuse-Making tendency,conversational_trait,True,low,"Evaluates conversational text for evidence of 'Psychological construct: Excuse-Making tendency' based on language style, tone, expressed sentiment, and interpersonal posture.","{""high"": ""Demonstrates clear, consistent evidence of high Psychological construct: Excuse-Making tendency through explicit statements, tone, or interaction pattern."", ""low"": ""Demonstrates explicit evidence of low Psychological construct: Excuse-Making tendency or opposing behavioral tendencies in dialogue.""}",,valid
FACET_302,Peer-to-peer lending usage,Peer-to-peer lending usage,external_biographical,False,sensitive_personal,"Objective historical, lifestyle, or biographical tracking metric: 'Peer-to-peer lending usage'.",,"Requires objective external tracking, sensor data, or historical log verification.",valid
FACET_303,Psychological construct: Eye-Contact avoidance score,Psychological construct: Eye-Contact avoidance score,conversational_trait,True,low,"Evaluates conversational text for evidence of 'Psychological construct: Eye-Contact avoidance score' based on language style, tone, expressed sentiment, and interpersonal posture.","{""high"": ""Demonstrates clear, consistent evidence of high Psychological construct: Eye-Contact avoidance score through explicit statements, tone, or interaction pattern."", ""low"": ""Demonstrates explicit evidence of low Psychological construct: Eye-Contact avoidance score or opposing behavioral tendencies in dialogue.""}",,valid
FACET_304,Social-cognition variable: Faux Pas Recognition accuracy,Social-cognition variable: Faux Pas Recognition accuracy,conversational_trait,True,low,"Evaluates conversational text for evidence of 'Social-cognition variable: Faux Pas Recognition accuracy' based on language style, tone, expressed sentiment, and interpersonal posture.","{""high"": ""Demonstrates clear, consistent evidence of high Social-cognition variable: Faux Pas Recognition accuracy through explicit statements, tone, or interaction pattern."", ""low"": ""Demonstrates explicit evidence of low Social-cognition variable: Faux Pas Recognition accuracy or opposing behavioral tendencies in dialogue.""}",,valid
FACET_305,Conscientiousness (C):,Conscientiousness (C),header_label,False,low,Category header label: 'Conscientiousness (C)'. Not an evaluable individual facet.,,"Category header or structural section label, not an individual scoreable trait.",header_row
FACET_306,Use of Nature as a Stress Reliever,Use of Nature as a Stress Reliever,conversational_trait,True,low,"Evaluates conversational text for evidence of 'Use of Nature as a Stress Reliever' based on language style, tone, expressed sentiment, and interpersonal posture.","{""high"": ""Demonstrates clear, consistent evidence of high Use of Nature as a Stress Reliever through explicit statements, tone, or interaction pattern."", ""low"": ""Demonstrates explicit evidence of low Use of Nature as a Stress Reliever or opposing behavioral tendencies in dialogue.""}",,valid
FACET_307,Attitude toward learning,Attitude toward learning,conversational_trait,True,low,"Evaluates conversational text for evidence of 'Attitude toward learning' based on language style, tone, expressed sentiment, and interpersonal posture.","{""high"": ""Demonstrates clear, consistent evidence of high Attitude toward learning through explicit statements, tone, or interaction pattern."", ""low"": ""Demonstrates explicit evidence of low Attitude toward learning or opposing behavioral tendencies in dialogue.""}",,valid
FACET_308,Conscientiousness Facets:,Conscientiousness Facets,header_label,False,low,Category header label: 'Conscientiousness Facets'. Not an evaluable individual facet.,,"Category header or structural section label, not an individual scoreable trait.",header_row
FACET_309,Honesty-humility trait score,Honesty-humility trait score,conversational_trait,True,low,"Evaluates conversational text for evidence of 'Honesty-humility trait score' based on language style, tone, expressed sentiment, and interpersonal posture.","{""high"": ""Demonstrates clear, consistent evidence of high Honesty-humility trait score through explicit statements, tone, or interaction pattern."", ""low"": ""Demonstrates explicit evidence of low Honesty-humility trait score or opposing behavioral tendencies in dialogue.""}",,valid
FACET_310,Digital-nomad months,Digital-nomad months,external_biographical,False,sensitive_personal,"Objective historical, lifestyle, or biographical tracking metric: 'Digital-nomad months'.",,"Requires objective external tracking, sensor data, or historical log verification.",valid
FACET_311,516. Religious coping – Negative,Religious coping – Negative,conversational_trait,True,low,"Evaluates conversational text for evidence of 'Religious coping – Negative' based on language style, tone, expressed sentiment, and interpersonal posture.","{""high"": ""Demonstrates clear, consistent evidence of high Religious coping \u2013 Negative through explicit statements, tone, or interaction pattern."", ""low"": ""Demonstrates explicit evidence of low Religious coping \u2013 Negative or opposing behavioral tendencies in dialogue.""}",,number_prefix_stripped
FACET_312,Snacking Behavior,Snacking Behavior,external_biographical,False,sensitive_personal,"Objective historical, lifestyle, or biographical tracking metric: 'Snacking Behavior'.",,"Requires objective external tracking, sensor data, or historical log verification.",valid
FACET_313,Aura-color perception,Aura-color perception,esoteric_spiritual,False,sensitive_personal,Esoteric/spiritual practice or belief metric: 'Aura-color perception'.,,"Esoteric, ritual, or spiritual metric not objectively evaluable from standard dialogue text.",valid
FACET_314,638. Sacred text engagement: Zohar (Kabbalah) study hours,Sacred text engagement: Zohar (Kabbalah) study hours,esoteric_spiritual,False,sensitive_personal,Esoteric/spiritual practice or belief metric: 'Sacred text engagement: Zohar (Kabbalah) study hours'.,,"Esoteric, ritual, or spiritual metric not objectively evaluable from standard dialogue text.",number_prefix_stripped
FACET_315,Motivational Drivers:,Motivational Drivers,header_label,False,low,Category header label: 'Motivational Drivers'. Not an evaluable individual facet.,,"Category header or structural section label, not an individual scoreable trait.",header_row
FACET_316,Cloud-backup frequency,Cloud-backup frequency,external_biographical,False,sensitive_personal,"Objective historical, lifestyle, or biographical tracking metric: 'Cloud-backup frequency'.",,"Requires objective external tracking, sensor data, or historical log verification.",valid
FACET_317,Learning Style,Learning Style,conversational_trait,True,low,"Evaluates conversational text for evidence of 'Learning Style' based on language style, tone, expressed sentiment, and interpersonal posture.","{""high"": ""Demonstrates clear, consistent evidence of high Learning Style through explicit statements, tone, or interaction pattern."", ""low"": ""Demonstrates explicit evidence of low Learning Style or opposing behavioral tendencies in dialogue.""}",,valid
FACET_318,872. Islamic practice: Seerah study hours,Islamic practice: Seerah study hours,esoteric_spiritual,False,sensitive_personal,Esoteric/spiritual practice or belief metric: 'Islamic practice: Seerah study hours'.,,"Esoteric, ritual, or spiritual metric not objectively evaluable from standard dialogue text.",number_prefix_stripped
FACET_319,Safety compliance,Safety compliance,conversational_trait,True,low,"Evaluates conversational text for evidence of 'Safety compliance' based on language style, tone, expressed sentiment, and interpersonal posture.","{""high"": ""Demonstrates clear, consistent evidence of high Safety compliance through explicit statements, tone, or interaction pattern."", ""low"": ""Demonstrates explicit evidence of low Safety compliance or opposing behavioral tendencies in dialogue.""}",,valid
FACET_320,Sensationalism,Sensationalism,conversational_trait,True,low,"Evaluates conversational text for evidence of 'Sensationalism' based on language style, tone, expressed sentiment, and interpersonal posture.","{""high"": ""Demonstrates clear, consistent evidence of high Sensationalism through explicit statements, tone, or interaction pattern."", ""low"": ""Demonstrates explicit evidence of low Sensationalism or opposing behavioral tendencies in dialogue.""}",,valid
FACET_321,Nationality,Nationality,conversational_trait,True,low,"Evaluates conversational text for evidence of 'Nationality' based on language style, tone, expressed sentiment, and interpersonal posture.","{""high"": ""Demonstrates clear, consistent evidence of high Nationality through explicit statements, tone, or interaction pattern."", ""low"": ""Demonstrates explicit evidence of low Nationality or opposing behavioral tendencies in dialogue.""}",,valid
FACET_322,Drollness,Drollness,conversational_trait,True,low,"Evaluates conversational text for evidence of 'Drollness' based on language style, tone, expressed sentiment, and interpersonal posture.","{""high"": ""Demonstrates clear, consistent evidence of high Drollness through explicit statements, tone, or interaction pattern."", ""low"": ""Demonstrates explicit evidence of low Drollness or opposing behavioral tendencies in dialogue.""}",,valid
FACET_323,Cooperation,Cooperation,conversational_trait,True,low,"Evaluates conversational text for evidence of 'Cooperation' based on language style, tone, expressed sentiment, and interpersonal posture.","{""high"": ""Demonstrates clear, consistent evidence of high Cooperation through explicit statements, tone, or interaction pattern."", ""low"": ""Demonstrates explicit evidence of low Cooperation or opposing behavioral tendencies in dialogue.""}",,valid
FACET_324,Breakfast-skipping frequency,Breakfast-skipping frequency,external_biographical,False,sensitive_personal,"Objective historical, lifestyle, or biographical tracking metric: 'Breakfast-skipping frequency'.",,"Requires objective external tracking, sensor data, or historical log verification.",valid
FACET_325,922. Sikh spiritual metric: Kirtan participation frequency,Sikh spiritual metric: Kirtan participation frequency,esoteric_spiritual,False,sensitive_personal,Esoteric/spiritual practice or belief metric: 'Sikh spiritual metric: Kirtan participation frequency'.,,"Esoteric, ritual, or spiritual metric not objectively evaluable from standard dialogue text.",number_prefix_stripped
FACET_326,Impulsivity,Impulsivity,conversational_trait,True,low,"Evaluates conversational text for evidence of 'Impulsivity' based on language style, tone, expressed sentiment, and interpersonal posture.","{""high"": ""Demonstrates clear, consistent evidence of high Impulsivity through explicit statements, tone, or interaction pattern."", ""low"": ""Demonstrates explicit evidence of low Impulsivity or opposing behavioral tendencies in dialogue.""}",,valid
FACET_327,Museum visits/year,Museum visits/year,external_biographical,False,sensitive_personal,"Objective historical, lifestyle, or biographical tracking metric: 'Museum visits/year'.",,"Requires objective external tracking, sensor data, or historical log verification.",valid
FACET_328,Choir participation years,Choir participation years,external_biographical,False,sensitive_personal,"Objective historical, lifestyle, or biographical tracking metric: 'Choir participation years'.",,"Requires objective external tracking, sensor data, or historical log verification.",valid
FACET_329,Delegation Ability,Delegation Ability,conversational_trait,True,low,"Evaluates conversational text for evidence of 'Delegation Ability' based on language style, tone, expressed sentiment, and interpersonal posture.","{""high"": ""Demonstrates clear, consistent evidence of high Delegation Ability through explicit statements, tone, or interaction pattern."", ""low"": ""Demonstrates explicit evidence of low Delegation Ability or opposing behavioral tendencies in dialogue.""}",,valid
FACET_330,788. Kabbalah sephira balance: Tiferet,Kabbalah sephira balance: Tiferet,esoteric_spiritual,False,sensitive_personal,Esoteric/spiritual practice or belief metric: 'Kabbalah sephira balance: Tiferet'.,,"Esoteric, ritual, or spiritual metric not objectively evaluable from standard dialogue text.",number_prefix_stripped
FACET_331,Desire to influence others,Desire to influence others,conversational_trait,True,low,"Evaluates conversational text for evidence of 'Desire to influence others' based on language style, tone, expressed sentiment, and interpersonal posture.","{""high"": ""Demonstrates clear, consistent evidence of high Desire to influence others through explicit statements, tone, or interaction pattern."", ""low"": ""Demonstrates explicit evidence of low Desire to influence others or opposing behavioral tendencies in dialogue.""}",,valid
FACET_332,Vivacity,Vivacity,conversational_trait,True,low,"Evaluates conversational text for evidence of 'Vivacity' based on language style, tone, expressed sentiment, and interpersonal posture.","{""high"": ""Demonstrates clear, consistent evidence of high Vivacity through explicit statements, tone, or interaction pattern."", ""low"": ""Demonstrates explicit evidence of low Vivacity or opposing behavioral tendencies in dialogue.""}",,valid
FACET_333,Genialness,Genialness,conversational_trait,True,low,"Evaluates conversational text for evidence of 'Genialness' based on language style, tone, expressed sentiment, and interpersonal posture.","{""high"": ""Demonstrates clear, consistent evidence of high Genialness through explicit statements, tone, or interaction pattern."", ""low"": ""Demonstrates explicit evidence of low Genialness or opposing behavioral tendencies in dialogue.""}",,valid
FACET_334,Cognitive measure: Working Memory Index,Cognitive measure: Working Memory Index,cognitive_skill_test,False,medium,Standardized cognitive or psychomotor test metric: 'Cognitive measure: Working Memory Index'.,,Requires a standardized psychometric testing task or timed cognitive exam.,valid
FACET_335,Ethical practices,Ethical practices,conversational_trait,True,low,"Evaluates conversational text for evidence of 'Ethical practices' based on language style, tone, expressed sentiment, and interpersonal posture.","{""high"": ""Demonstrates clear, consistent evidence of high Ethical practices through explicit statements, tone, or interaction pattern."", ""low"": ""Demonstrates explicit evidence of low Ethical practices or opposing behavioral tendencies in dialogue.""}",,valid
FACET_336,945. New-Age spiritual metric: Channeling sessions / year,New-Age spiritual metric: Channeling sessions / year,esoteric_spiritual,False,sensitive_personal,Esoteric/spiritual practice or belief metric: 'New-Age spiritual metric: Channeling sessions / year'.,,"Esoteric, ritual, or spiritual metric not objectively evaluable from standard dialogue text.",number_prefix_stripped
FACET_337,Civility,Civility,conversational_trait,True,low,"Evaluates conversational text for evidence of 'Civility' based on language style, tone, expressed sentiment, and interpersonal posture.","{""high"": ""Demonstrates clear, consistent evidence of high Civility through explicit statements, tone, or interaction pattern."", ""low"": ""Demonstrates explicit evidence of low Civility or opposing behavioral tendencies in dialogue.""}",,valid
FACET_338,Sleep Apnea,Sleep Apnea,medical_biomarker,False,clinical_medical,"Medical, biological, or physiological biomarker: 'Sleep Apnea'.",,"Requires biological, laboratory, or physiological measurement; unobservable from text.",valid
FACET_339,Classiness,Classiness,conversational_trait,True,low,"Evaluates conversational text for evidence of 'Classiness' based on language style, tone, expressed sentiment, and interpersonal posture.","{""high"": ""Demonstrates clear, consistent evidence of high Classiness through explicit statements, tone, or interaction pattern."", ""low"": ""Demonstrates explicit evidence of low Classiness or opposing behavioral tendencies in dialogue.""}",,valid
FACET_340,Control over situations,Control over situations,conversational_trait,True,low,"Evaluates conversational text for evidence of 'Control over situations' based on language style, tone, expressed sentiment, and interpersonal posture.","{""high"": ""Demonstrates clear, consistent evidence of high Control over situations through explicit statements, tone, or interaction pattern."", ""low"": ""Demonstrates explicit evidence of low Control over situations or opposing behavioral tendencies in dialogue.""}",,valid
FACET_341,Time outdoors/day (h),Time outdoors/day (h),external_biographical,False,sensitive_personal,"Objective historical, lifestyle, or biographical tracking metric: 'Time outdoors/day (h)'.",,"Requires objective external tracking, sensor data, or historical log verification.",valid
FACET_342,Effeteness,Effeteness,conversational_trait,True,low,"Evaluates conversational text for evidence of 'Effeteness' based on language style, tone, expressed sentiment, and interpersonal posture.","{""high"": ""Demonstrates clear, consistent evidence of high Effeteness through explicit statements, tone, or interaction pattern."", ""low"": ""Demonstrates explicit evidence of low Effeteness or opposing behavioral tendencies in dialogue.""}",,valid
FACET_343,Polygenic risk: cardiovascular disease,Polygenic risk: cardiovascular disease,medical_biomarker,False,clinical_medical,"Medical, biological, or physiological biomarker: 'Polygenic risk: cardiovascular disease'.",,"Requires biological, laboratory, or physiological measurement; unobservable from text.",valid
FACET_344,Psychological construct: Identity Diffusion level,Psychological construct: Identity Diffusion level,medical_biomarker,False,clinical_medical,"Medical, biological, or physiological biomarker: 'Psychological construct: Identity Diffusion level'.",,"Requires biological, laboratory, or physiological measurement; unobservable from text.",valid
FACET_345,Learning through movement,Learning through movement,conversational_trait,True,low,"Evaluates conversational text for evidence of 'Learning through movement' based on language style, tone, expressed sentiment, and interpersonal posture.","{""high"": ""Demonstrates clear, consistent evidence of high Learning through movement through explicit statements, tone, or interaction pattern."", ""low"": ""Demonstrates explicit evidence of low Learning through movement or opposing behavioral tendencies in dialogue.""}",,valid
FACET_346,Caffeine sensitivity gene,Caffeine sensitivity gene,medical_biomarker,False,clinical_medical,"Medical, biological, or physiological biomarker: 'Caffeine sensitivity gene'.",,"Requires biological, laboratory, or physiological measurement; unobservable from text.",valid
FACET_347,Hatefulness,Hatefulness,conversational_trait,True,medium,"Evaluates conversational text for evidence of 'Hatefulness' based on language style, tone, expressed sentiment, and interpersonal posture.","{""high"": ""Demonstrates clear, consistent evidence of high Hatefulness through explicit statements, tone, or interaction pattern."", ""low"": ""Demonstrates explicit evidence of low Hatefulness or opposing behavioral tendencies in dialogue.""}",,valid
FACET_348,Persistence:,Persistence,header_label,False,low,Category header label: 'Persistence'. Not an evaluable individual facet.,,"Category header or structural section label, not an individual scoreable trait.",header_row
FACET_349,Psychological construct: Perfectionistic Strivings,Psychological construct: Perfectionistic Strivings,conversational_trait,True,low,"Evaluates conversational text for evidence of 'Psychological construct: Perfectionistic Strivings' based on language style, tone, expressed sentiment, and interpersonal posture.","{""high"": ""Demonstrates clear, consistent evidence of high Psychological construct: Perfectionistic Strivings through explicit statements, tone, or interaction pattern."", ""low"": ""Demonstrates explicit evidence of low Psychological construct: Perfectionistic Strivings or opposing behavioral tendencies in dialogue.""}",,valid
FACET_350,Wake-time consistency,Wake-time consistency,external_biographical,False,sensitive_personal,"Objective historical, lifestyle, or biographical tracking metric: 'Wake-time consistency'.",,"Requires objective external tracking, sensor data, or historical log verification.",valid
FACET_351,Numerical Reasoning:,Numerical Reasoning,header_label,False,low,Category header label: 'Numerical Reasoning'. Not an evaluable individual facet.,,"Category header or structural section label, not an individual scoreable trait.",header_row
FACET_352,Social-cognition variable: Mentalizing network activation,Social-cognition variable: Mentalizing network activation,conversational_trait,True,low,"Evaluates conversational text for evidence of 'Social-cognition variable: Mentalizing network activation' based on language style, tone, expressed sentiment, and interpersonal posture.","{""high"": ""Demonstrates clear, consistent evidence of high Social-cognition variable: Mentalizing network activation through explicit statements, tone, or interaction pattern."", ""low"": ""Demonstrates explicit evidence of low Social-cognition variable: Mentalizing network activation or opposing behavioral tendencies in dialogue.""}",,valid
FACET_353,Patriotism,Patriotism,conversational_trait,True,low,"Evaluates conversational text for evidence of 'Patriotism' based on language style, tone, expressed sentiment, and interpersonal posture.","{""high"": ""Demonstrates clear, consistent evidence of high Patriotism through explicit statements, tone, or interaction pattern."", ""low"": ""Demonstrates explicit evidence of low Patriotism or opposing behavioral tendencies in dialogue.""}",,valid
FACET_354,Leadership Styles:,Leadership Styles,header_label,False,low,Category header label: 'Leadership Styles'. Not an evaluable individual facet.,,"Category header or structural section label, not an individual scoreable trait.",header_row
FACET_355,Servility,Servility,conversational_trait,True,low,"Evaluates conversational text for evidence of 'Servility' based on language style, tone, expressed sentiment, and interpersonal posture.","{""high"": ""Demonstrates clear, consistent evidence of high Servility through explicit statements, tone, or interaction pattern."", ""low"": ""Demonstrates explicit evidence of low Servility or opposing behavioral tendencies in dialogue.""}",,valid
FACET_356,742. I Ching hexagram 24 resonance level,I Ching hexagram 24 resonance level,esoteric_spiritual,False,sensitive_personal,Esoteric/spiritual practice or belief metric: 'I Ching hexagram 24 resonance level'.,,"Esoteric, ritual, or spiritual metric not objectively evaluable from standard dialogue text.",number_prefix_stripped
FACET_357,Enneagram Personality Types:,Enneagram Personality Types,header_label,False,low,Category header label: 'Enneagram Personality Types'. Not an evaluable individual facet.,,"Category header or structural section label, not an individual scoreable trait.",header_row
FACET_358,Stress Recovery Ability,Stress Recovery Ability,conversational_trait,True,low,"Evaluates conversational text for evidence of 'Stress Recovery Ability' based on language style, tone, expressed sentiment, and interpersonal posture.","{""high"": ""Demonstrates clear, consistent evidence of high Stress Recovery Ability through explicit statements, tone, or interaction pattern."", ""low"": ""Demonstrates explicit evidence of low Stress Recovery Ability or opposing behavioral tendencies in dialogue.""}",,valid
FACET_359,Troubleshooting technical issues,Troubleshooting technical issues,conversational_trait,True,low,"Evaluates conversational text for evidence of 'Troubleshooting technical issues' based on language style, tone, expressed sentiment, and interpersonal posture.","{""high"": ""Demonstrates clear, consistent evidence of high Troubleshooting technical issues through explicit statements, tone, or interaction pattern."", ""low"": ""Demonstrates explicit evidence of low Troubleshooting technical issues or opposing behavioral tendencies in dialogue.""}",,valid
FACET_360,Defense-mechanism tendency: Introjection,Defense-mechanism tendency: Introjection,psychological_trait,False,high,Clinical psychometric construct: 'Defense-mechanism tendency: Introjection'.,,Clinical diagnostic construct requiring accredited psychiatric/psychometric clinical evaluation.,valid
FACET_361,Irritability,Irritability,conversational_trait,True,low,"Evaluates conversational text for evidence of 'Irritability' based on language style, tone, expressed sentiment, and interpersonal posture.","{""high"": ""Demonstrates clear, consistent evidence of high Irritability through explicit statements, tone, or interaction pattern."", ""low"": ""Demonstrates explicit evidence of low Irritability or opposing behavioral tendencies in dialogue.""}",,valid
FACET_362,Travel-companions diversity,Travel-companions diversity,conversational_trait,True,low,"Evaluates conversational text for evidence of 'Travel-companions diversity' based on language style, tone, expressed sentiment, and interpersonal posture.","{""high"": ""Demonstrates clear, consistent evidence of high Travel-companions diversity through explicit statements, tone, or interaction pattern."", ""low"": ""Demonstrates explicit evidence of low Travel-companions diversity or opposing behavioral tendencies in dialogue.""}",,valid
FACET_363,627. Sacred text engagement: Quran surahs memorized,Sacred text engagement: Quran surahs memorized,esoteric_spiritual,False,sensitive_personal,Esoteric/spiritual practice or belief metric: 'Sacred text engagement: Quran surahs memorized'.,,"Esoteric, ritual, or spiritual metric not objectively evaluable from standard dialogue text.",number_prefix_stripped
FACET_364,Trust in others,Trust in others,conversational_trait,True,low,"Evaluates conversational text for evidence of 'Trust in others' based on language style, tone, expressed sentiment, and interpersonal posture.","{""high"": ""Demonstrates clear, consistent evidence of high Trust in others through explicit statements, tone, or interaction pattern."", ""low"": ""Demonstrates explicit evidence of low Trust in others or opposing behavioral tendencies in dialogue.""}",,valid
FACET_365,Gamified-finance-app usage,Gamified-finance-app usage,conversational_trait,True,low,"Evaluates conversational text for evidence of 'Gamified-finance-app usage' based on language style, tone, expressed sentiment, and interpersonal posture.","{""high"": ""Demonstrates clear, consistent evidence of high Gamified-finance-app usage through explicit statements, tone, or interaction pattern."", ""low"": ""Demonstrates explicit evidence of low Gamified-finance-app usage or opposing behavioral tendencies in dialogue.""}",,valid
FACET_366,823. Buddhist practice: Eightfold Path – Right Intention level,Buddhist practice: Eightfold Path – Right Intention level,medical_biomarker,False,clinical_medical,"Medical, biological, or physiological biomarker: 'Buddhist practice: Eightfold Path – Right Intention level'.",,"Requires biological, laboratory, or physiological measurement; unobservable from text.",number_prefix_stripped
FACET_367,Caffeine intake (mg/day),Caffeine intake (mg/day),external_biographical,False,sensitive_personal,"Objective historical, lifestyle, or biographical tracking metric: 'Caffeine intake (mg/day)'.",,"Requires objective external tracking, sensor data, or historical log verification.",valid
FACET_368,Comfort with Vulnerability,Comfort with Vulnerability,conversational_trait,True,low,"Evaluates conversational text for evidence of 'Comfort with Vulnerability' based on language style, tone, expressed sentiment, and interpersonal posture.","{""high"": ""Demonstrates clear, consistent evidence of high Comfort with Vulnerability through explicit statements, tone, or interaction pattern."", ""low"": ""Demonstrates explicit evidence of low Comfort with Vulnerability or opposing behavioral tendencies in dialogue.""}",,valid
FACET_369,Anticipativeness,Anticipativeness,conversational_trait,True,low,"Evaluates conversational text for evidence of 'Anticipativeness' based on language style, tone, expressed sentiment, and interpersonal posture.","{""high"": ""Demonstrates clear, consistent evidence of high Anticipativeness through explicit statements, tone, or interaction pattern."", ""low"": ""Demonstrates explicit evidence of low Anticipativeness or opposing behavioral tendencies in dialogue.""}",,valid
FACET_370,Additional Common Parameters and Their End Points:,Additional Common Parameters and Their End Points,header_label,False,low,Category header label: 'Additional Common Parameters and Their End Points'. Not an evaluable individual facet.,,"Category header or structural section label, not an individual scoreable trait.",header_row
FACET_371,Avoiding:,Avoiding,header_label,False,low,Category header label: 'Avoiding'. Not an evaluable individual facet.,,"Category header or structural section label, not an individual scoreable trait.",header_row
FACET_372,Home-security-system presence,Home-security-system presence,external_biographical,False,sensitive_personal,"Objective historical, lifestyle, or biographical tracking metric: 'Home-security-system presence'.",,"Requires objective external tracking, sensor data, or historical log verification.",valid
FACET_373,HEXACO domain: Honesty-Humility,HEXACO domain: Honesty-Humility,conversational_trait,True,low,"Evaluates conversational text for evidence of 'HEXACO domain: Honesty-Humility' based on language style, tone, expressed sentiment, and interpersonal posture.","{""high"": ""Demonstrates clear, consistent evidence of high HEXACO domain: Honesty-Humility through explicit statements, tone, or interaction pattern."", ""low"": ""Demonstrates explicit evidence of low HEXACO domain: Honesty-Humility or opposing behavioral tendencies in dialogue.""}",,valid
FACET_374,Eating Habits (Home-Cooked vs. Eating Out),Eating Habits (Home-Cooked vs. Eating Out),conversational_trait,True,low,"Evaluates conversational text for evidence of 'Eating Habits (Home-Cooked vs. Eating Out)' based on language style, tone, expressed sentiment, and interpersonal posture.","{""high"": ""Demonstrates clear, consistent evidence of high Eating Habits (Home-Cooked vs. Eating Out) through explicit statements, tone, or interaction pattern."", ""low"": ""Demonstrates explicit evidence of low Eating Habits (Home-Cooked vs. Eating Out) or opposing behavioral tendencies in dialogue.""}",,valid
FACET_375,Decision-Making Confidence,Decision-Making Confidence,conversational_trait,True,low,"Evaluates conversational text for evidence of 'Decision-Making Confidence' based on language style, tone, expressed sentiment, and interpersonal posture.","{""high"": ""Demonstrates clear, consistent evidence of high Decision-Making Confidence through explicit statements, tone, or interaction pattern."", ""low"": ""Demonstrates explicit evidence of low Decision-Making Confidence or opposing behavioral tendencies in dialogue.""}",,valid
FACET_376,Alignment with societal roles,Alignment with societal roles,conversational_trait,True,low,"Evaluates conversational text for evidence of 'Alignment with societal roles' based on language style, tone, expressed sentiment, and interpersonal posture.","{""high"": ""Demonstrates clear, consistent evidence of high Alignment with societal roles through explicit statements, tone, or interaction pattern."", ""low"": ""Demonstrates explicit evidence of low Alignment with societal roles or opposing behavioral tendencies in dialogue.""}",,valid
FACET_377,Connectedness: Belief in interconnections,Connectedness: Belief in interconnections,conversational_trait,True,low,"Evaluates conversational text for evidence of 'Connectedness: Belief in interconnections' based on language style, tone, expressed sentiment, and interpersonal posture.","{""high"": ""Demonstrates clear, consistent evidence of high Connectedness: Belief in interconnections through explicit statements, tone, or interaction pattern."", ""low"": ""Demonstrates explicit evidence of low Connectedness: Belief in interconnections or opposing behavioral tendencies in dialogue.""}",,valid
FACET_378,Quirkiness,Quirkiness,conversational_trait,True,low,"Evaluates conversational text for evidence of 'Quirkiness' based on language style, tone, expressed sentiment, and interpersonal posture.","{""high"": ""Demonstrates clear, consistent evidence of high Quirkiness through explicit statements, tone, or interaction pattern."", ""low"": ""Demonstrates explicit evidence of low Quirkiness or opposing behavioral tendencies in dialogue.""}",,valid
FACET_379,Creative resilience,Creative resilience,conversational_trait,True,low,"Evaluates conversational text for evidence of 'Creative resilience' based on language style, tone, expressed sentiment, and interpersonal posture.","{""high"": ""Demonstrates clear, consistent evidence of high Creative resilience through explicit statements, tone, or interaction pattern."", ""low"": ""Demonstrates explicit evidence of low Creative resilience or opposing behavioral tendencies in dialogue.""}",,valid
FACET_380,Rapid cognitive processing,Rapid cognitive processing,conversational_trait,True,low,"Evaluates conversational text for evidence of 'Rapid cognitive processing' based on language style, tone, expressed sentiment, and interpersonal posture.","{""high"": ""Demonstrates clear, consistent evidence of high Rapid cognitive processing through explicit statements, tone, or interaction pattern."", ""low"": ""Demonstrates explicit evidence of low Rapid cognitive processing or opposing behavioral tendencies in dialogue.""}",,valid
FACET_381,Cordiality,Cordiality,conversational_trait,True,low,"Evaluates conversational text for evidence of 'Cordiality' based on language style, tone, expressed sentiment, and interpersonal posture.","{""high"": ""Demonstrates clear, consistent evidence of high Cordiality through explicit statements, tone, or interaction pattern."", ""low"": ""Demonstrates explicit evidence of low Cordiality or opposing behavioral tendencies in dialogue.""}",,valid
FACET_382,Types of Mindfulness Techniques Used,Types of Mindfulness Techniques Used,conversational_trait,True,low,"Evaluates conversational text for evidence of 'Types of Mindfulness Techniques Used' based on language style, tone, expressed sentiment, and interpersonal posture.","{""high"": ""Demonstrates clear, consistent evidence of high Types of Mindfulness Techniques Used through explicit statements, tone, or interaction pattern."", ""low"": ""Demonstrates explicit evidence of low Types of Mindfulness Techniques Used or opposing behavioral tendencies in dialogue.""}",,valid
FACET_383,Economic reasoning,Economic reasoning,conversational_trait,True,low,"Evaluates conversational text for evidence of 'Economic reasoning' based on language style, tone, expressed sentiment, and interpersonal posture.","{""high"": ""Demonstrates clear, consistent evidence of high Economic reasoning through explicit statements, tone, or interaction pattern."", ""low"": ""Demonstrates explicit evidence of low Economic reasoning or opposing behavioral tendencies in dialogue.""}",,valid
FACET_384,Conformity,Conformity,conversational_trait,True,low,"Evaluates conversational text for evidence of 'Conformity' based on language style, tone, expressed sentiment, and interpersonal posture.","{""high"": ""Demonstrates clear, consistent evidence of high Conformity through explicit statements, tone, or interaction pattern."", ""low"": ""Demonstrates explicit evidence of low Conformity or opposing behavioral tendencies in dialogue.""}",,valid
FACET_385,Pet-enrichment activities count,Pet-enrichment activities count,external_biographical,False,sensitive_personal,"Objective historical, lifestyle, or biographical tracking metric: 'Pet-enrichment activities count'.",,"Requires objective external tracking, sensor data, or historical log verification.",valid
FACET_386,Aestheticism,Aestheticism,conversational_trait,True,low,"Evaluates conversational text for evidence of 'Aestheticism' based on language style, tone, expressed sentiment, and interpersonal posture.","{""high"": ""Demonstrates clear, consistent evidence of high Aestheticism through explicit statements, tone, or interaction pattern."", ""low"": ""Demonstrates explicit evidence of low Aestheticism or opposing behavioral tendencies in dialogue.""}",,valid
FACET_387,Type of Support Preferred (Emotional vs. Practical),Type of Support Preferred (Emotional vs. Practical),conversational_trait,True,low,"Evaluates conversational text for evidence of 'Type of Support Preferred (Emotional vs. Practical)' based on language style, tone, expressed sentiment, and interpersonal posture.","{""high"": ""Demonstrates clear, consistent evidence of high Type of Support Preferred (Emotional vs. Practical) through explicit statements, tone, or interaction pattern."", ""low"": ""Demonstrates explicit evidence of low Type of Support Preferred (Emotional vs. Practical) or opposing behavioral tendencies in dialogue.""}",,valid
FACET_388,Mental Arithmetic Speed,Mental Arithmetic Speed,cognitive_skill_test,False,medium,Standardized cognitive or psychomotor test metric: 'Mental Arithmetic Speed'.,,Requires a standardized psychometric testing task or timed cognitive exam.,valid
FACET_389,Patience: Resistance to anger,Patience: Resistance to anger,conversational_trait,True,low,"Evaluates conversational text for evidence of 'Patience: Resistance to anger' based on language style, tone, expressed sentiment, and interpersonal posture.","{""high"": ""Demonstrates clear, consistent evidence of high Patience: Resistance to anger through explicit statements, tone, or interaction pattern."", ""low"": ""Demonstrates explicit evidence of low Patience: Resistance to anger or opposing behavioral tendencies in dialogue.""}",,valid
FACET_390,Flawlessness,Flawlessness,conversational_trait,True,low,"Evaluates conversational text for evidence of 'Flawlessness' based on language style, tone, expressed sentiment, and interpersonal posture.","{""high"": ""Demonstrates clear, consistent evidence of high Flawlessness through explicit statements, tone, or interaction pattern."", ""low"": ""Demonstrates explicit evidence of low Flawlessness or opposing behavioral tendencies in dialogue.""}",,valid
FACET_391,Self-Efficacy,Self-Efficacy,conversational_trait,True,low,"Evaluates conversational text for evidence of 'Self-Efficacy' based on language style, tone, expressed sentiment, and interpersonal posture.","{""high"": ""Demonstrates clear, consistent evidence of high Self-Efficacy through explicit statements, tone, or interaction pattern."", ""low"": ""Demonstrates explicit evidence of low Self-Efficacy or opposing behavioral tendencies in dialogue.""}",,valid
FACET_392,Computer Skills:,Computer Skills,header_label,False,low,Category header label: 'Computer Skills'. Not an evaluable individual facet.,,"Category header or structural section label, not an individual scoreable trait.",header_row
FACET_393,899. Jewish spiritual metric: Shabbat candle-lighting consistency,Jewish spiritual metric: Shabbat candle-lighting consistency,esoteric_spiritual,False,sensitive_personal,Esoteric/spiritual practice or belief metric: 'Jewish spiritual metric: Shabbat candle-lighting consistency'.,,"Esoteric, ritual, or spiritual metric not objectively evaluable from standard dialogue text.",number_prefix_stripped
FACET_394,Spelling Accuracy,Spelling Accuracy,cognitive_skill_test,False,medium,Standardized cognitive or psychomotor test metric: 'Spelling Accuracy'.,,Requires a standardized psychometric testing task or timed cognitive exam.,valid
FACET_395,793. Sufi practice: Dhikr repetitions / day,Sufi practice: Dhikr repetitions / day,esoteric_spiritual,False,sensitive_personal,Esoteric/spiritual practice or belief metric: 'Sufi practice: Dhikr repetitions / day'.,,"Esoteric, ritual, or spiritual metric not objectively evaluable from standard dialogue text.",number_prefix_stripped
FACET_396,Peacefulness,Peacefulness,conversational_trait,True,low,"Evaluates conversational text for evidence of 'Peacefulness' based on language style, tone, expressed sentiment, and interpersonal posture.","{""high"": ""Demonstrates clear, consistent evidence of high Peacefulness through explicit statements, tone, or interaction pattern."", ""low"": ""Demonstrates explicit evidence of low Peacefulness or opposing behavioral tendencies in dialogue.""}",,valid
FACET_397,Doggedness,Doggedness,conversational_trait,True,low,"Evaluates conversational text for evidence of 'Doggedness' based on language style, tone, expressed sentiment, and interpersonal posture.","{""high"": ""Demonstrates clear, consistent evidence of high Doggedness through explicit statements, tone, or interaction pattern."", ""low"": ""Demonstrates explicit evidence of low Doggedness or opposing behavioral tendencies in dialogue.""}",,valid
FACET_398,Decency,Decency,conversational_trait,True,low,"Evaluates conversational text for evidence of 'Decency' based on language style, tone, expressed sentiment, and interpersonal posture.","{""high"": ""Demonstrates clear, consistent evidence of high Decency through explicit statements, tone, or interaction pattern."", ""low"": ""Demonstrates explicit evidence of low Decency or opposing behavioral tendencies in dialogue.""}",,valid
FACET_399,Processed-food frequency,Processed-food frequency,external_biographical,False,sensitive_personal,"Objective historical, lifestyle, or biographical tracking metric: 'Processed-food frequency'.",,"Requires objective external tracking, sensor data, or historical log verification.",valid
